Candidate,Feature_Set,mean_fit_time,std_fit_time,mean_score_time,std_score_time,param_classifier__C,param_classifier__class_weight,param_classifier__penalty,param_classifier__solver,params,split0_test_accuracy,split1_test_accuracy,split2_test_accuracy,split3_test_accuracy,split4_test_accuracy,mean_test_accuracy,std_test_accuracy,rank_test_accuracy,split0_train_accuracy,split1_train_accuracy,split2_train_accuracy,split3_train_accuracy,split4_train_accuracy,mean_train_accuracy,std_train_accuracy,split0_test_precision,split1_test_precision,split2_test_precision,split3_test_precision,split4_test_precision,mean_test_precision,std_test_precision,rank_test_precision,split0_train_precision,split1_train_precision,split2_train_precision,split3_train_precision,split4_train_precision,mean_train_precision,std_train_precision,split0_test_recall,split1_test_recall,split2_test_recall,split3_test_recall,split4_test_recall,mean_test_recall,std_test_recall,rank_test_recall,split0_train_recall,split1_train_recall,split2_train_recall,split3_train_recall,split4_train_recall,mean_train_recall,std_train_recall,split0_test_f1,split1_test_f1,split2_test_f1,split3_test_f1,split4_test_f1,mean_test_f1,std_test_f1,rank_test_f1,split0_train_f1,split1_train_f1,split2_train_f1,split3_train_f1,split4_train_f1,mean_train_f1,std_train_f1,split0_test_roc_auc,split1_test_roc_auc,split2_test_roc_auc,split3_test_roc_auc,split4_test_roc_auc,mean_test_roc_auc,std_test_roc_auc,rank_test_roc_auc,split0_train_roc_auc,split1_train_roc_auc,split2_train_roc_auc,split3_train_roc_auc,split4_train_roc_auc,mean_train_roc_auc,std_train_roc_auc,param_classifier__max_depth,param_classifier__max_features,param_classifier__min_samples_leaf,param_classifier__min_samples_split,param_classifier__n_estimators,param_classifier__gamma,param_classifier__kernel,param_classifier__colsample_bytree,param_classifier__learning_rate,param_classifier__min_child_weight,param_classifier__reg_alpha,param_classifier__reg_lambda,param_classifier__scale_pos_weight,param_classifier__subsample
Clinical Logistic Regression,Clinical,0.008869409561157227,0.0008440468528258799,0.015754079818725585,0.0013130566789210049,0.0745934328572655,,l1,liblinear,"{'classifier__C': np.float64(0.0745934328572655), 'classifier__class_weight': None, 'classifier__penalty': 'l1', 'classifier__solver': 'liblinear'}",0.6,0.6,0.6,0.5555555555555556,0.5555555555555556,0.5822222222222221,0.02177324215807267,12,0.5789473684210527,0.5789473684210527,0.5789473684210527,0.5897435897435898,0.5897435897435898,0.5832658569500675,0.005289046678074334,0.0,0.0,0.0,0.0,0.0,0.0,0.0,14,0.0,0.0,0.0,0.0,0.0,0.0,0.0,0.0,0.0,0.0,0.0,0.0,0.0,0.0,14,0.0,0.0,0.0,0.0,0.0,0.0,0.0,0.0,0.0,0.0,0.0,0.0,0.0,0.0,14,0.0,0.0,0.0,0.0,0.0,0.0,0.0,0.5,0.5,0.5,0.5,0.5,0.5,0.0,14,0.5,0.5,0.5,0.5,0.5,0.5,0.0,,,,,,,,,,,,,,
Clinical Logistic Regression,Clinical,0.0082794189453125,0.00020673014191856682,0.014395761489868163,0.0003130596785760404,4.5705630998014515,,l1,liblinear,"{'classifier__C': np.float64(4.5705630998014515), 'classifier__class_weight': None, 'classifier__penalty': 'l1', 'classifier__solver': 'liblinear'}",0.4,0.4,0.8,0.5555555555555556,0.4444444444444444,0.5200000000000001,0.15111111111111114,20,1.0,1.0,1.0,1.0,1.0,1.0,0.0,0.25,0.3333333333333333,0.6666666666666666,0.5,0.42857142857142855,0.43571428571428567,0.1431742512225991,13,1.0,1.0,1.0,1.0,1.0,1.0,0.0,0.25,0.5,1.0,0.5,0.75,0.6,0.25495097567963926,10,1.0,1.0,1.0,1.0,1.0,1.0,0.0,0.25,0.4,0.8,0.5,0.5454545454545454,0.49909090909090914,0.18141774084751158,13,1.0,1.0,1.0,1.0,1.0,1.0,0.0,0.5416666666666666,0.33333333333333337,0.7916666666666667,0.55,0.5,0.5433333333333333,0.14676133308500877,13,1.0,1.0,1.0,1.0,1.0,1.0,0.0,,,,,,,,,,,,,,
Clinical Logistic Regression,Clinical,0.008872222900390626,0.0004759107985139769,0.018531274795532227,0.0058437609541224355,0.006026889128682512,,l1,liblinear,"{'classifier__C': np.float64(0.006026889128682512), 'classifier__class_weight': None, 'classifier__penalty': 'l1', 'classifier__solver': 'liblinear'}",0.6,0.6,0.6,0.5555555555555556,0.5555555555555556,0.5822222222222221,0.02177324215807267,12,0.5789473684210527,0.5789473684210527,0.5789473684210527,0.5897435897435898,0.5897435897435898,0.5832658569500675,0.005289046678074334,0.0,0.0,0.0,0.0,0.0,0.0,0.0,14,0.0,0.0,0.0,0.0,0.0,0.0,0.0,0.0,0.0,0.0,0.0,0.0,0.0,0.0,14,0.0,0.0,0.0,0.0,0.0,0.0,0.0,0.0,0.0,0.0,0.0,0.0,0.0,0.0,14,0.0,0.0,0.0,0.0,0.0,0.0,0.0,0.5,0.5,0.5,0.5,0.5,0.5,0.0,14,0.5,0.5,0.5,0.5,0.5,0.5,0.0,,,,,,,,,,,,,,
Clinical Logistic Regression,Clinical,0.008803939819335938,0.0003850540981091811,0.014834022521972657,0.000310116301926292,0.0019517224641449498,balanced,l1,liblinear,"{'classifier__C': np.float64(0.0019517224641449498), 'classifier__class_weight': 'balanced', 'classifier__penalty': 'l1', 'classifier__solver': 'liblinear'}",0.6,0.6,0.6,0.5555555555555556,0.5555555555555556,0.5822222222222221,0.02177324215807267,12,0.5789473684210527,0.5789473684210527,0.5789473684210527,0.5897435897435898,0.5897435897435898,0.5832658569500675,0.005289046678074334,0.0,0.0,0.0,0.0,0.0,0.0,0.0,14,0.0,0.0,0.0,0.0,0.0,0.0,0.0,0.0,0.0,0.0,0.0,0.0,0.0,0.0,14,0.0,0.0,0.0,0.0,0.0,0.0,0.0,0.0,0.0,0.0,0.0,0.0,0.0,0.0,14,0.0,0.0,0.0,0.0,0.0,0.0,0.0,0.5,0.5,0.5,0.5,0.5,0.5,0.0,14,0.5,0.5,0.5,0.5,0.5,0.5,0.0,,,,,,,,,,,,,,
Clinical Logistic Regression,Clinical,0.008853769302368164,0.0003991447057619109,0.027033567428588867,0.02319303923457687,1.0129197956845732,balanced,l1,liblinear,"{'classifier__C': np.float64(1.0129197956845732), 'classifier__class_weight': 'balanced', 'classifier__penalty': 'l1', 'classifier__solver': 'liblinear'}",0.7,0.3,0.8,0.6666666666666666,0.5555555555555556,0.6044444444444445,0.1710678155903798,11,0.9210526315789473,0.9736842105263158,0.8947368421052632,0.9230769230769231,0.9230769230769231,0.9271255060728747,0.025637474006457602,0.6,0.2,0.6666666666666666,0.6666666666666666,0.5,0.5266666666666666,0.17435595774162693,11,0.8823529411764706,0.9411764705882353,0.8333333333333334,0.8421052631578947,0.8823529411764706,0.8762641898864809,0.0382037712538485,0.75,0.25,1.0,0.5,0.75,0.65,0.25495097567963926,5,0.9375,1.0,0.9375,1.0,0.9375,0.9625,0.03061862178478973,0.6666666666666666,0.2222222222222222,0.8,0.5714285714285714,0.6,0.572063492063492,0.19187213345316192,10,0.9090909090909091,0.9696969696969697,0.8823529411764706,0.9142857142857143,0.9090909090909091,0.9169034886681946,0.02866990587056025,0.75,0.45833333333333337,0.7500000000000001,0.7,0.75,0.6816666666666666,0.11333333333333334,7,0.9829545454545454,0.9971590909090909,0.9829545454545454,0.9891304347826088,0.9891304347826086,0.9882658102766799,0.005234589945755238,,,,,,,,,,,,,,
Clinical Logistic Regression,Clinical,0.008710765838623047,0.0004607624584424795,0.014580106735229493,0.0004276573966608782,0.001267425589893723,balanced,l2,liblinear,"{'classifier__C': np.float64(0.001267425589893723), 'classifier__class_weight': 'balanced', 'classifier__penalty': 'l2', 'classifier__solver': 'liblinear'}",0.8,0.4,0.8,1.0,0.7777777777777778,0.7555555555555555,0.19525229010212264,2,0.7631578947368421,0.868421052631579,0.8947368421052632,0.8461538461538461,0.8205128205128205,0.8385964912280702,0.04498079158953088,0.6666666666666666,0.25,0.6666666666666666,1.0,1.0,0.7166666666666666,0.27688746209726917,3,0.7058823529411765,0.7894736842105263,0.8333333333333334,0.75,0.7647058823529411,0.7686790505675954,0.04223910817441184,1.0,0.25,1.0,1.0,0.5,0.75,0.31622776601683794,1,0.75,0.9375,0.9375,0.9375,0.8125,0.875,0.07905694150420949,0.8,0.25,0.8,1.0,0.6666666666666666,0.7033333333333334,0.250421866279906,2,0.7272727272727273,0.8571428571428571,0.8823529411764706,0.8333333333333334,0.7878787878787878,0.8175961293608353,0.054857060244226714,0.875,0.5833333333333334,0.7916666666666667,1.0,0.9,0.8300000000000001,0.14009917122445004,2,0.9204545454545454,0.96875,0.9460227272727273,0.8994565217391305,0.9266304347826086,0.9322628458498023,0.023528967971681893,,,,,,,,,,,,,,
Clinical Logistic Regression,Clinical,0.01004180908203125,0.0014129044479601635,0.017999792098999025,0.002798385141154443,14.528246637516036,balanced,l2,liblinear,"{'classifier__C': np.float64(14.528246637516036), 'classifier__class_weight': 'balanced', 'classifier__penalty': 'l2', 'classifier__solver': 'liblinear'}",0.7,0.5,0.8,0.5555555555555556,0.5555555555555556,0.6222222222222221,0.11088866622110799,10,1.0,1.0,1.0,1.0,1.0,1.0,0.0,0.6666666666666666,0.3333333333333333,0.6666666666666666,0.5,0.5,0.5333333333333333,0.12472191289246469,10,1.0,1.0,1.0,1.0,1.0,1.0,0.0,0.5,0.25,1.0,0.5,0.75,0.6,0.25495097567963926,10,1.0,1.0,1.0,1.0,1.0,1.0,0.0,0.5714285714285714,0.2857142857142857,0.8,0.5,0.6,0.5514285714285714,0.16600958910095942,11,1.0,1.0,1.0,1.0,1.0,1.0,0.0,0.75,0.45833333333333337,0.8333333333333334,0.55,0.7000000000000001,0.6583333333333334,0.13601470508735444,10,1.0,1.0,1.0,1.0,1.0,1.0,0.0,,,,,,,,,,,,,,
Clinical Logistic Regression,Clinical,0.009366655349731445,0.000814287550922233,0.015820026397705078,0.000600911087316369,0.008111941985431923,,l1,liblinear,"{'classifier__C': np.float64(0.008111941985431923), 'classifier__class_weight': None, 'classifier__penalty': 'l1', 'classifier__solver': 'liblinear'}",0.6,0.6,0.6,0.5555555555555556,0.5555555555555556,0.5822222222222221,0.02177324215807267,12,0.5789473684210527,0.5789473684210527,0.5789473684210527,0.5897435897435898,0.5897435897435898,0.5832658569500675,0.005289046678074334,0.0,0.0,0.0,0.0,0.0,0.0,0.0,14,0.0,0.0,0.0,0.0,0.0,0.0,0.0,0.0,0.0,0.0,0.0,0.0,0.0,0.0,14,0.0,0.0,0.0,0.0,0.0,0.0,0.0,0.0,0.0,0.0,0.0,0.0,0.0,0.0,14,0.0,0.0,0.0,0.0,0.0,0.0,0.0,0.5,0.5,0.5,0.5,0.5,0.5,0.0,14,0.5,0.5,0.5,0.5,0.5,0.5,0.0,,,,,,,,,,,,,,
Clinical Logistic Regression,Clinical,0.009488868713378906,0.0002708250949539063,0.015934324264526366,0.0006661078301874095,0.033205591037519584,balanced,l1,liblinear,"{'classifier__C': np.float64(0.033205591037519584), 'classifier__class_weight': 'balanced', 'classifier__penalty': 'l1', 'classifier__solver': 'liblinear'}",0.6,0.6,0.6,0.5555555555555556,0.5555555555555556,0.5822222222222221,0.02177324215807267,12,0.5789473684210527,0.5789473684210527,0.5789473684210527,0.5897435897435898,0.5897435897435898,0.5832658569500675,0.005289046678074334,0.0,0.0,0.0,0.0,0.0,0.0,0.0,14,0.0,0.0,0.0,0.0,0.0,0.0,0.0,0.0,0.0,0.0,0.0,0.0,0.0,0.0,14,0.0,0.0,0.0,0.0,0.0,0.0,0.0,0.0,0.0,0.0,0.0,0.0,0.0,0.0,14,0.0,0.0,0.0,0.0,0.0,0.0,0.0,0.5,0.5,0.5,0.5,0.5,0.5,0.0,14,0.5,0.5,0.5,0.5,0.5,0.5,0.0,,,,,,,,,,,,,,
Clinical Logistic Regression,Clinical,0.008796262741088866,0.0005415399403786882,0.015938758850097656,0.0006725778397151141,0.14445251022763064,,l1,liblinear,"{'classifier__C': np.float64(0.14445251022763064), 'classifier__class_weight': None, 'classifier__penalty': 'l1', 'classifier__solver': 'liblinear'}",0.8,0.5,0.7,1.0,0.8888888888888888,0.7777777777777778,0.17054741203866572,1,0.7368421052631579,0.8421052631578947,0.7894736842105263,0.717948717948718,0.7435897435897436,0.7659919028340081,0.04473109148580547,0.75,0.4,0.6,1.0,1.0,0.75,0.23237900077244503,1,0.65,0.8125,0.75,0.6470588235294118,0.6666666666666666,0.7052450980392156,0.0654714808294362,0.75,0.5,0.75,1.0,0.75,0.75,0.15811388300841897,1,0.8125,0.8125,0.75,0.6875,0.75,0.7625,0.04677071733467427,0.75,0.4444444444444444,0.6666666666666666,1.0,0.8571428571428571,0.7436507936507937,0.1865940361885767,1,0.7222222222222222,0.8125,0.75,0.6666666666666666,0.7058823529411765,0.7314542483660131,0.0486804717445822,0.9583333333333334,0.5833333333333334,0.7916666666666666,1.0,0.925,0.8516666666666668,0.15123565129367553,1,0.8508522727272727,0.9190340909090909,0.8764204545454546,0.8342391304347827,0.8478260869565217,0.8656744071146246,0.029963872280571995,,,,,,,,,,,,,,
Clinical Logistic Regression,Clinical,0.009942770004272461,0.00018415226334910097,0.016729164123535156,0.0006497750866089644,1.1462107403425035,balanced,l2,liblinear,"{'classifier__C': np.float64(1.1462107403425035), 'classifier__class_weight': 'balanced', 'classifier__penalty': 'l2', 'classifier__solver': 'liblinear'}",0.8,0.4,0.8,0.7777777777777778,0.6666666666666666,0.6888888888888889,0.1526716803317126,6,1.0,1.0,1.0,1.0,1.0,1.0,0.0,0.75,0.25,0.6666666666666666,1.0,0.6,0.6533333333333333,0.24299062624810125,6,1.0,1.0,1.0,1.0,1.0,1.0,0.0,0.75,0.25,1.0,0.5,0.75,0.65,0.25495097567963926,5,1.0,1.0,1.0,1.0,1.0,1.0,0.0,0.75,0.25,0.8,0.6666666666666666,0.6666666666666666,0.6266666666666667,0.19510680835549196,6,1.0,1.0,1.0,1.0,1.0,1.0,0.0,0.75,0.45833333333333337,0.7916666666666667,0.7,0.7000000000000001,0.68,0.1160220285597141,8,1.0,1.0,1.0,1.0,1.0,1.0,0.0,,,,,,,,,,,,,,
Clinical Logistic Regression,Clinical,0.010208034515380859,0.0007276237489208914,0.01657419204711914,0.0007349140668356972,0.028888383623653185,balanced,l1,liblinear,"{'classifier__C': np.float64(0.028888383623653185), 'classifier__class_weight': 'balanced', 'classifier__penalty': 'l1', 'classifier__solver': 'liblinear'}",0.6,0.6,0.6,0.5555555555555556,0.5555555555555556,0.5822222222222221,0.02177324215807267,12,0.5789473684210527,0.5789473684210527,0.5789473684210527,0.5897435897435898,0.5897435897435898,0.5832658569500675,0.005289046678074334,0.0,0.0,0.0,0.0,0.0,0.0,0.0,14,0.0,0.0,0.0,0.0,0.0,0.0,0.0,0.0,0.0,0.0,0.0,0.0,0.0,0.0,14,0.0,0.0,0.0,0.0,0.0,0.0,0.0,0.0,0.0,0.0,0.0,0.0,0.0,0.0,14,0.0,0.0,0.0,0.0,0.0,0.0,0.0,0.5,0.5,0.5,0.5,0.5,0.5,0.0,14,0.5,0.5,0.5,0.5,0.5,0.5,0.0,,,,,,,,,,,,,,
Clinical Logistic Regression,Clinical,0.009358739852905274,0.00041417721473011195,0.016714763641357423,0.00043349618263060027,0.19069966103000435,,l2,liblinear,"{'classifier__C': np.float64(0.19069966103000435), 'classifier__class_weight': None, 'classifier__penalty': 'l2', 'classifier__solver': 'liblinear'}",0.9,0.4,0.8,0.7777777777777778,0.6666666666666666,0.7088888888888889,0.17132742459907896,5,0.9210526315789473,0.9736842105263158,0.9473684210526315,0.9230769230769231,0.9230769230769231,0.9376518218623483,0.02046037047529275,0.8,0.25,0.6666666666666666,1.0,0.6666666666666666,0.6766666666666666,0.24576411454889013,4,0.9333333333333333,0.9411764705882353,0.9375,0.9333333333333333,0.9333333333333333,0.9357352941176471,0.0031631893735101215,1.0,0.25,1.0,0.5,0.5,0.65,0.30000000000000004,5,0.875,1.0,0.9375,0.875,0.875,0.9125,0.049999999999999996,0.8888888888888888,0.25,0.8,0.6666666666666666,0.5714285714285714,0.6353968253968254,0.22133815073667112,5,0.9032258064516129,0.9696969696969697,0.9375,0.9032258064516129,0.9032258064516129,0.9233748778103618,0.02669535728730157,0.8333333333333334,0.5416666666666667,0.7083333333333334,1.0,0.75,0.7666666666666667,0.15046225071056488,5,0.9772727272727273,0.9943181818181819,0.9857954545454546,0.9836956521739131,0.9836956521739131,0.9849555335968379,0.0054875270264485585,,,,,,,,,,,,,,
Clinical Logistic Regression,Clinical,0.00941624641418457,0.00019042291164951986,0.017873859405517577,0.001777207020087985,0.009962513222055111,,l2,liblinear,"{'classifier__C': np.float64(0.009962513222055111), 'classifier__class_weight': None, 'classifier__penalty': 'l2', 'classifier__solver': 'liblinear'}",0.9,0.4,0.8,0.8888888888888888,0.7777777777777778,0.7533333333333333,0.18303342472865777,3,0.7631578947368421,0.8947368421052632,0.8157894736842105,0.7692307692307693,0.8461538461538461,0.8178137651821862,0.04913652282898386,0.8,0.25,0.6666666666666666,1.0,1.0,0.7433333333333334,0.2772083051505572,2,0.7333333333333333,0.875,0.8,0.7333333333333333,0.8571428571428571,0.7997619047619048,0.059630380788027605,1.0,0.25,1.0,0.75,0.5,0.7,0.291547594742265,3,0.6875,0.875,0.75,0.6875,0.75,0.75,0.06846531968814576,0.8888888888888888,0.25,0.8,0.8571428571428571,0.6666666666666666,0.6925396825396825,0.23396825396825394,3,0.7096774193548387,0.875,0.7741935483870968,0.7096774193548387,0.8,0.7737096774193548,0.0618892636677486,0.875,0.5416666666666667,0.7916666666666667,1.0,0.9,0.8216666666666667,0.154973115948111,3,0.9289772727272727,0.9715909090909091,0.9460227272727273,0.9130434782608696,0.9347826086956521,0.9388833992094862,0.019511025330251987,,,,,,,,,,,,,,
Clinical Logistic Regression,Clinical,0.010583877563476562,0.0014430248761910795,0.01679220199584961,0.0008821989586430233,0.9163741808778786,,l1,liblinear,"{'classifier__C': np.float64(0.9163741808778786), 'classifier__class_weight': None, 'classifier__penalty': 'l1', 'classifier__solver': 'liblinear'}",0.8,0.3,0.8,0.7777777777777778,0.5555555555555556,0.6466666666666667,0.1963116695587358,8,0.9210526315789473,0.9736842105263158,0.8947368421052632,0.8974358974358975,0.9230769230769231,0.9219973009446694,0.028354857660429028,0.75,0.2,0.6666666666666666,1.0,0.5,0.6233333333333333,0.26616619703569505,8,0.9333333333333333,0.9411764705882353,0.875,0.875,0.9333333333333333,0.9115686274509803,0.02999519377109654,0.75,0.25,1.0,0.5,0.75,0.65,0.25495097567963926,5,0.875,1.0,0.875,0.875,0.875,0.9,0.049999999999999996,0.75,0.2222222222222222,0.8,0.6666666666666666,0.6,0.6077777777777778,0.20462552367256537,7,0.9032258064516129,0.9696969696969697,0.875,0.875,0.9032258064516129,0.9052297165200391,0.03461713322927536,0.7916666666666667,0.45833333333333337,0.7083333333333334,0.7,0.8,0.6916666666666667,0.12371562373263757,6,0.9801136363636362,0.9943181818181819,0.9857954545454546,0.9836956521739131,0.983695652173913,0.9855237154150197,0.0047617027887205815,,,,,,,,,,,,,,
Clinical Logistic Regression,Clinical,0.01012105941772461,0.0002890805912936173,0.017981529235839844,0.001956436728605826,1.0907475835157696,,l1,liblinear,"{'classifier__C': np.float64(1.0907475835157696), 'classifier__class_weight': None, 'classifier__penalty': 'l1', 'classifier__solver': 'liblinear'}",0.7,0.3,0.8,0.7777777777777778,0.5555555555555556,0.6266666666666667,0.1844042794286644,9,0.9210526315789473,0.9736842105263158,0.9210526315789473,0.9743589743589743,0.9487179487179487,0.9477732793522268,0.023694108838941554,0.6,0.2,0.6666666666666666,1.0,0.5,0.5933333333333334,0.2585429257288709,9,0.9333333333333333,0.9411764705882353,0.9333333333333333,1.0,1.0,0.9615686274509804,0.031509504982903,0.75,0.25,1.0,0.5,0.75,0.65,0.25495097567963926,5,0.875,1.0,0.875,0.9375,0.875,0.9125,0.049999999999999996,0.6666666666666666,0.2222222222222222,0.8,0.6666666666666666,0.6,0.5911111111111111,0.19555555555555554,9,0.9032258064516129,0.9696969696969697,0.9032258064516129,0.967741935483871,0.9333333333333333,0.93544477028348,0.029315188798421817,0.75,0.375,0.7500000000000001,0.6499999999999999,0.75,0.655,0.1452583904633395,11,0.9857954545454545,1.0,0.9914772727272727,0.9945652173913044,0.9945652173913044,0.9932806324110673,0.0046417714671684734,,,,,,,,,,,,,,
Clinical Logistic Regression,Clinical,0.012369108200073243,0.001654716939869408,0.019676780700683592,0.0011869576818149346,0.0021147447960615704,balanced,l1,liblinear,"{'classifier__C': np.float64(0.0021147447960615704), 'classifier__class_weight': 'balanced', 'classifier__penalty': 'l1', 'classifier__solver': 'liblinear'}",0.6,0.6,0.6,0.5555555555555556,0.5555555555555556,0.5822222222222221,0.02177324215807267,12,0.5789473684210527,0.5789473684210527,0.5789473684210527,0.5897435897435898,0.5897435897435898,0.5832658569500675,0.005289046678074334,0.0,0.0,0.0,0.0,0.0,0.0,0.0,14,0.0,0.0,0.0,0.0,0.0,0.0,0.0,0.0,0.0,0.0,0.0,0.0,0.0,0.0,14,0.0,0.0,0.0,0.0,0.0,0.0,0.0,0.0,0.0,0.0,0.0,0.0,0.0,0.0,14,0.0,0.0,0.0,0.0,0.0,0.0,0.0,0.5,0.5,0.5,0.5,0.5,0.5,0.0,14,0.5,0.5,0.5,0.5,0.5,0.5,0.0,,,,,,,,,,,,,,
Clinical Logistic Regression,Clinical,0.011209726333618164,0.0006392770850465317,0.018817329406738283,0.0009808182489620305,67.32248920775338,balanced,l2,liblinear,"{'classifier__C': np.float64(67.32248920775338), 'classifier__class_weight': 'balanced', 'classifier__penalty': 'l2', 'classifier__solver': 'liblinear'}",0.7,0.4,0.8,0.4444444444444444,0.5555555555555556,0.5800000000000001,0.1511111111111111,19,1.0,1.0,1.0,1.0,1.0,1.0,0.0,0.6666666666666666,0.25,0.6666666666666666,0.4,0.5,0.4966666666666667,0.15999999999999998,12,1.0,1.0,1.0,1.0,1.0,1.0,0.0,0.5,0.25,1.0,0.5,0.75,0.6,0.25495097567963926,10,1.0,1.0,1.0,1.0,1.0,1.0,0.0,0.5714285714285714,0.25,0.8,0.4444444444444444,0.6,0.5331746031746032,0.1817612109832299,12,1.0,1.0,1.0,1.0,1.0,1.0,0.0,0.75,0.45833333333333337,0.8333333333333334,0.55,0.6000000000000001,0.6383333333333334,0.13576941236277534,12,1.0,1.0,1.0,1.0,1.0,1.0,0.0,,,,,,,,,,,,,,
Clinical Logistic Regression,Clinical,0.011184167861938477,0.0005050583547849904,0.018681049346923828,0.0004147896780013185,0.03334792728637585,,l2,liblinear,"{'classifier__C': np.float64(0.03334792728637585), 'classifier__class_weight': None, 'classifier__penalty': 'l2', 'classifier__solver': 'liblinear'}",0.9,0.4,0.8,0.8888888888888888,0.6666666666666666,0.731111111111111,0.185445742622445,4,0.7894736842105263,0.9210526315789473,0.868421052631579,0.8205128205128205,0.8717948717948718,0.854251012145749,0.0453991215922591,0.8,0.25,0.6666666666666666,1.0,0.6666666666666666,0.6766666666666666,0.24576411454889013,4,0.7857142857142857,0.8823529411764706,0.8666666666666667,0.7647058823529411,0.8666666666666667,0.833221288515406,0.0481713236881079,1.0,0.25,1.0,0.75,0.5,0.7,0.291547594742265,3,0.6875,0.9375,0.8125,0.8125,0.8125,0.8125,0.07905694150420949,0.8888888888888888,0.25,0.8,0.8571428571428571,0.5714285714285714,0.6734920634920634,0.23911927929468732,4,0.7333333333333333,0.9090909090909091,0.8387096774193549,0.7878787878787878,0.8387096774193549,0.821544477028348,0.058597355697520705,0.8333333333333334,0.5416666666666667,0.7500000000000001,1.0,0.85,0.795,0.1501480750607361,4,0.9460227272727272,0.9829545454545454,0.9573863636363636,0.9320652173913044,0.951086956521739,0.953903162055336,0.016751380025428662,,,,,,,,,,,,,,
Clinical Logistic Regression,Clinical,0.011629438400268555,0.000623486285078159,0.02186741828918457,0.002496626370820581,2.6373339933815254,,l2,liblinear,"{'classifier__C': np.float64(2.6373339933815254), 'classifier__class_weight': None, 'classifier__penalty': 'l2', 'classifier__solver': 'liblinear'}",0.7,0.5,0.8,0.7777777777777778,0.6666666666666666,0.6888888888888889,0.1063420987911591,6,1.0,1.0,1.0,1.0,1.0,1.0,0.0,0.6666666666666666,0.3333333333333333,0.6666666666666666,1.0,0.6,0.6533333333333333,0.2124983660067897,6,1.0,1.0,1.0,1.0,1.0,1.0,0.0,0.5,0.25,1.0,0.5,0.75,0.6,0.25495097567963926,10,1.0,1.0,1.0,1.0,1.0,1.0,0.0,0.5714285714285714,0.2857142857142857,0.8,0.6666666666666666,0.6666666666666666,0.598095238095238,0.1723151676632174,8,1.0,1.0,1.0,1.0,1.0,1.0,0.0,0.75,0.45833333333333337,0.7916666666666667,0.6,0.7000000000000001,0.66,0.11941989411781904,9,1.0,1.0,1.0,1.0,1.0,1.0,0.0,,,,,,,,,,,,,,
Clinical Random Forest,Clinical,0.5888925552368164,0.06336896566625705,0.12266206741333008,0.007666824626682216,,balanced_subsample,,,"{'classifier__class_weight': 'balanced_subsample', 'classifier__max_depth': 4, 'classifier__max_features': 'sqrt', 'classifier__min_samples_leaf': 3, 'classifier__min_samples_split': 9, 'classifier__n_estimators': 288}",0.9,0.4,0.8,0.8888888888888888,0.7777777777777778,0.7533333333333333,0.18303342472865777,1,0.868421052631579,0.9473684210526315,0.9473684210526315,0.8974358974358975,0.8974358974358975,0.9116059379217274,0.031062597481987243,0.8,0.3333333333333333,0.6666666666666666,0.8,0.75,0.6699999999999999,0.17524585904126555,4,0.7894736842105263,0.8888888888888888,0.8888888888888888,0.8,0.8,0.8334502923976608,0.045428321898254506,1.0,0.5,1.0,1.0,0.75,0.85,0.2,1,0.9375,1.0,1.0,1.0,1.0,0.9875,0.024999999999999998,0.8888888888888888,0.4,0.8,0.8888888888888888,0.75,0.7455555555555555,0.1808211721461187,1,0.8571428571428571,0.9411764705882353,0.9411764705882353,0.8888888888888888,0.8888888888888888,0.9034547152194211,0.03290889377689741,0.875,0.5,0.8333333333333334,0.9500000000000001,0.8,0.7916666666666667,0.15420044674960506,10,0.9829545454545454,0.9914772727272727,0.9914772727272727,0.9755434782608696,0.9755434782608695,0.983399209486166,0.007129277154436495,4.0,sqrt,3.0,9.0,288.0,,,,,,,,,
Clinical Random Forest,Clinical,0.5142199039459229,0.08921481860973621,0.16886768341064454,0.05846306009544103,,,,,"{'classifier__class_weight': None, 'classifier__max_depth': 8, 'classifier__max_features': 'log2', 'classifier__min_samples_leaf': 3, 'classifier__min_samples_split': 8, 'classifier__n_estimators': 430}",0.8,0.3,0.8,0.8888888888888888,0.7777777777777778,0.7133333333333333,0.21016160742287804,17,0.9210526315789473,0.9473684210526315,0.9473684210526315,0.9487179487179487,0.9487179487179487,0.9426450742240216,0.010813077259924487,0.75,0.2,0.6666666666666666,1.0,1.0,0.7233333333333334,0.2935605180840533,2,0.9333333333333333,0.8888888888888888,1.0,0.9375,0.9375,0.9394444444444444,0.03540549932872082,0.75,0.25,1.0,0.75,0.5,0.65,0.25495097567963926,19,0.875,1.0,0.875,0.9375,0.9375,0.925,0.046770717334674264,0.75,0.2222222222222222,0.8,0.8571428571428571,0.6666666666666666,0.6592063492063491,0.2272689965107566,18,0.9032258064516129,0.9411764705882353,0.9333333333333333,0.9375,0.9375,0.9305471220746362,0.013884418124390539,0.875,0.5,0.7500000000000001,1.0,0.8,0.7849999999999999,0.16552945357246848,12,0.9801136363636364,0.9943181818181818,1.0,0.9782608695652174,0.9782608695652174,0.9861907114624506,0.009159124970033329,8.0,log2,3.0,8.0,430.0,,,,,,,,,
Clinical Random Forest,Clinical,0.4508796691894531,0.02067853095670499,0.10932197570800781,0.004270998613516534,,balanced_subsample,,,"{'classifier__class_weight': 'balanced_subsample', 'classifier__max_depth': 10, 'classifier__max_features': 'sqrt', 'classifier__min_samples_leaf': 4, 'classifier__min_samples_split': 9, 'classifier__n_estimators': 251}",0.9,0.4,0.8,0.8888888888888888,0.7777777777777778,0.7533333333333333,0.18303342472865777,1,0.868421052631579,0.9473684210526315,0.868421052631579,0.8717948717948718,0.8974358974358975,0.8906882591093117,0.03035387432854255,0.8,0.3333333333333333,0.6666666666666666,0.8,0.75,0.6699999999999999,0.17524585904126555,4,0.7619047619047619,0.8888888888888888,0.7894736842105263,0.7894736842105263,0.8,0.8059482038429406,0.0433524687574945,1.0,0.5,1.0,1.0,0.75,0.85,0.2,1,1.0,1.0,0.9375,0.9375,1.0,0.975,0.03061862178478973,0.8888888888888888,0.4,0.8,0.8888888888888888,0.75,0.7455555555555555,0.1808211721461187,1,0.8648648648648649,0.9411764705882353,0.8571428571428571,0.8571428571428571,0.8888888888888888,0.8818431877255406,0.03187022582002452,0.9166666666666667,0.5833333333333334,0.7500000000000001,0.9500000000000001,0.8,0.8,0.1308094458023239,7,0.9659090909090908,0.9886363636363636,0.9801136363636362,0.9701086956521738,0.967391304347826,0.9744318181818181,0.008659645177947307,10.0,sqrt,4.0,9.0,251.0,,,,,,,,,
Clinical Random Forest,Clinical,0.9690541744232177,0.024289082914625993,0.170776891708374,0.006427585848697447,,balanced_subsample,,,"{'classifier__class_weight': 'balanced_subsample', 'classifier__max_depth': 6, 'classifier__max_features': 'sqrt', 'classifier__min_samples_leaf': 2, 'classifier__min_samples_split': 9, 'classifier__n_estimators': 591}",0.8,0.4,0.8,0.8888888888888888,0.7777777777777778,0.7333333333333333,0.17098119165930084,11,0.9210526315789473,0.9473684210526315,0.9736842105263158,0.9230769230769231,0.9230769230769231,0.9376518218623483,0.02046037047529275,0.75,0.3333333333333333,0.6666666666666666,0.8,0.75,0.6599999999999999,0.1688523352255192,13,0.8421052631578947,0.8888888888888888,0.9411764705882353,0.8421052631578947,0.8421052631578947,0.8712762297901616,0.03936771597880464,0.75,0.5,1.0,1.0,0.75,0.8,0.18708286933869706,10,1.0,1.0,1.0,1.0,1.0,1.0,0.0,0.75,0.4,0.8,0.8888888888888888,0.75,0.7177777777777777,0.16679254505648552,11,0.9142857142857143,0.9411764705882353,0.9696969696969697,0.9142857142857143,0.9142857142857143,0.9307461166284696,0.022085270088210568,0.875,0.5,0.7500000000000001,0.9500000000000001,0.8,0.775,0.15329709716755893,16,0.9914772727272728,0.9943181818181818,1.0,0.9891304347826088,0.9918478260869565,0.9933547430830039,0.003707509354694559,6.0,sqrt,2.0,9.0,591.0,,,,,,,,,
Clinical Random Forest,Clinical,0.2848954677581787,0.017232955895565567,0.1013676643371582,0.0031653246527637495,,balanced,,,"{'classifier__class_weight': 'balanced', 'classifier__max_depth': 6, 'classifier__max_features': 'log2', 'classifier__min_samples_leaf': 4, 'classifier__min_samples_split': 6, 'classifier__n_estimators': 260}",0.9,0.4,0.8,0.8888888888888888,0.7777777777777778,0.7533333333333333,0.18303342472865777,1,0.868421052631579,0.9473684210526315,0.8421052631578947,0.8461538461538461,0.8717948717948718,0.8751686909581646,0.037959888781104796,0.8,0.3333333333333333,0.6666666666666666,0.8,0.75,0.6699999999999999,0.17524585904126555,4,0.7619047619047619,0.8888888888888888,0.7777777777777778,0.7272727272727273,0.7619047619047619,0.7835497835497834,0.0551973987639147,1.0,0.5,1.0,1.0,0.75,0.85,0.2,1,1.0,1.0,0.875,1.0,1.0,0.975,0.049999999999999996,0.8888888888888888,0.4,0.8,0.8888888888888888,0.75,0.7455555555555555,0.1808211721461187,1,0.8648648648648649,0.9411764705882353,0.8235294117647058,0.8421052631578947,0.8648648648648649,0.8673081750481131,0.04005054680694555,0.875,0.5833333333333334,0.7500000000000001,1.0,0.85,0.8116666666666668,0.13920408678547397,3,0.96875,0.9857954545454545,0.9744318181818181,0.9565217391304348,0.9592391304347827,0.968947628458498,0.010607754684711255,6.0,log2,4.0,6.0,260.0,,,,,,,,,
Clinical Random Forest,Clinical,0.1632533073425293,0.0037896403488682463,0.07571520805358886,0.001295069466476026,,balanced,,,"{'classifier__class_weight': 'balanced', 'classifier__max_depth': 6, 'classifier__max_features': 'sqrt', 'classifier__min_samples_leaf': 4, 'classifier__min_samples_split': 10, 'classifier__n_estimators': 148}",0.9,0.4,0.8,0.8888888888888888,0.7777777777777778,0.7533333333333333,0.18303342472865777,1,0.8421052631578947,0.9210526315789473,0.8421052631578947,0.8461538461538461,0.8717948717948718,0.864642375168691,0.030301629583128077,0.8,0.3333333333333333,0.6666666666666666,0.8,0.75,0.6699999999999999,0.17524585904126555,4,0.7272727272727273,0.8421052631578947,0.75,0.75,0.7619047619047619,0.7662565504670769,0.03954808368953132,1.0,0.5,1.0,1.0,0.75,0.85,0.2,1,1.0,1.0,0.9375,0.9375,1.0,0.975,0.03061862178478973,0.8888888888888888,0.4,0.8,0.8888888888888888,0.75,0.7455555555555555,0.1808211721461187,1,0.8421052631578947,0.9142857142857143,0.8333333333333334,0.8333333333333334,0.8648648648648649,0.8575845017950282,0.0306067847270598,0.875,0.5,0.7500000000000001,0.9500000000000001,0.85,0.785,0.1562049935181331,11,0.9630681818181819,0.9829545454545454,0.9659090909090908,0.9510869565217392,0.9619565217391304,0.9649950592885375,0.010293293806621313,6.0,sqrt,4.0,10.0,148.0,,,,,,,,,
Clinical Random Forest,Clinical,0.6648342609405518,0.013876442194664395,0.12308807373046875,0.0018385402795840697,,balanced_subsample,,,"{'classifier__class_weight': 'balanced_subsample', 'classifier__max_depth': 3, 'classifier__max_features': 0.5, 'classifier__min_samples_leaf': 2, 'classifier__min_samples_split': 4, 'classifier__n_estimators': 463}",0.8,0.5,0.8,0.8888888888888888,0.7777777777777778,0.7533333333333333,0.13229223169899748,1,1.0,0.9473684210526315,1.0,0.9487179487179487,0.9487179487179487,0.9689608636977057,0.02534813901619197,0.75,0.4,0.6666666666666666,0.8,0.75,0.6733333333333332,0.14321700705960558,3,1.0,0.8888888888888888,1.0,0.8888888888888888,0.8888888888888888,0.9333333333333332,0.054433105395181765,0.75,0.5,1.0,1.0,0.75,0.8,0.18708286933869706,10,1.0,1.0,1.0,1.0,1.0,1.0,0.0,0.75,0.4444444444444444,0.8,0.8888888888888888,0.75,0.7266666666666667,0.14995472567774054,10,1.0,0.9411764705882353,1.0,0.9411764705882353,0.9411764705882353,0.9647058823529413,0.028817526385684456,0.875,0.5416666666666667,0.8333333333333334,0.9500000000000001,0.8,0.8,0.13854401627080268,7,1.0,0.9971590909090909,1.0,0.9972826086956522,0.9945652173913044,0.9978013833992095,0.0020406992517848876,3.0,0.5,2.0,4.0,463.0,,,,,,,,,
Clinical Random Forest,Clinical,0.8124808311462403,0.020215756350725155,0.15211429595947265,0.021107468875612538,,balanced_subsample,,,"{'classifier__class_weight': 'balanced_subsample', 'classifier__max_depth': 4, 'classifier__max_features': 0.75, 'classifier__min_samples_leaf': 1, 'classifier__min_samples_split': 4, 'classifier__n_estimators': 584}",0.9,0.5,0.8,0.7777777777777778,0.6666666666666666,0.7288888888888889,0.13637276437836676,16,1.0,0.9736842105263158,1.0,0.9743589743589743,0.9743589743589743,0.9844804318488529,0.012674069508095975,0.8,0.4,0.6666666666666666,0.75,0.6666666666666666,0.6566666666666666,0.13808210118138653,17,1.0,0.9411764705882353,1.0,0.9411764705882353,0.9411764705882353,0.9647058823529413,0.028817526385684456,1.0,0.5,1.0,0.75,0.5,0.75,0.22360679774997896,15,1.0,1.0,1.0,1.0,1.0,1.0,0.0,0.8888888888888888,0.4444444444444444,0.8,0.75,0.5714285714285714,0.690952380952381,0.16100246551760095,15,1.0,0.9696969696969697,1.0,0.9696969696969697,0.9696969696969697,0.9818181818181818,0.014845392380504096,0.875,0.5,0.7500000000000001,0.9500000000000001,0.8,0.775,0.15329709716755893,16,1.0,1.0,1.0,1.0,1.0,1.0,0.0,4.0,0.75,1.0,4.0,584.0,,,,,,,,,
Clinical Random Forest,Clinical,0.6132718563079834,0.16019830455255307,0.10492358207702637,0.00868626709252391,,balanced_subsample,,,"{'classifier__class_weight': 'balanced_subsample', 'classifier__max_depth': 8, 'classifier__max_features': 'sqrt', 'classifier__min_samples_leaf': 1, 'classifier__min_samples_split': 8, 'classifier__n_estimators': 373}",0.8,0.4,0.8,0.8888888888888888,0.7777777777777778,0.7333333333333333,0.17098119165930084,11,0.9736842105263158,0.9473684210526315,0.9736842105263158,0.9487179487179487,0.9487179487179487,0.9584345479082321,0.01246104476490023,0.75,0.3333333333333333,0.6666666666666666,0.8,0.75,0.6599999999999999,0.1688523352255192,13,0.9411764705882353,0.8888888888888888,0.9411764705882353,0.8888888888888888,0.8888888888888888,0.9098039215686274,0.0256155790094973,0.75,0.5,1.0,1.0,0.75,0.8,0.18708286933869706,10,1.0,1.0,1.0,1.0,1.0,1.0,0.0,0.75,0.4,0.8,0.8888888888888888,0.75,0.7177777777777777,0.16679254505648552,11,0.9696969696969697,0.9411764705882353,0.9696969696969697,0.9411764705882353,0.9411764705882353,0.9525846702317292,0.013972134005180357,0.875,0.5,0.7500000000000001,0.9500000000000001,0.8,0.775,0.15329709716755893,16,0.9971590909090909,1.0,1.0,0.9945652173913044,0.9945652173913044,0.99725790513834,0.002431010790541966,8.0,sqrt,1.0,8.0,373.0,,,,,,,,,
Clinical Random Forest,Clinical,0.40099320411682127,0.004775159226243495,0.11537337303161621,0.004235399607505199,,,,,"{'classifier__class_weight': None, 'classifier__max_depth': 4, 'classifier__max_features': 'log2', 'classifier__min_samples_leaf': 2, 'classifier__min_samples_split': 10, 'classifier__n_estimators': 445}",0.8,0.4,0.8,0.8888888888888888,0.7777777777777778,0.7333333333333333,0.17098119165930084,11,0.8947368421052632,0.9210526315789473,0.9736842105263158,0.9487179487179487,0.9487179487179487,0.9373819163292849,0.02705592622931761,0.75,0.25,0.6666666666666666,1.0,1.0,0.7333333333333333,0.2758824226207808,1,0.9285714285714286,0.8823529411764706,1.0,0.9375,0.9375,0.9371848739495798,0.03748778724465516,0.75,0.25,1.0,0.75,0.5,0.65,0.25495097567963926,19,0.8125,0.9375,0.9375,0.9375,0.9375,0.9125,0.049999999999999996,0.75,0.25,0.8,0.8571428571428571,0.6666666666666666,0.6647619047619047,0.21660857410642181,17,0.8666666666666667,0.9090909090909091,0.967741935483871,0.9375,0.9375,0.9236999022482895,0.034019990386297494,0.9166666666666667,0.5,0.7500000000000001,0.9500000000000001,0.8,0.7833333333333334,0.15951314818673865,13,0.9801136363636362,0.9943181818181818,0.9971590909090909,0.9809782608695653,0.9809782608695652,0.9867094861660078,0.007433513438834798,4.0,log2,2.0,10.0,445.0,,,,,,,,,
Clinical Random Forest,Clinical,0.46902809143066404,0.0042849413416781385,0.12324838638305664,0.002401792562135015,,,,,"{'classifier__class_weight': None, 'classifier__max_depth': 2, 'classifier__max_features': 0.75, 'classifier__min_samples_leaf': 4, 'classifier__min_samples_split': 8, 'classifier__n_estimators': 527}",0.9,0.4,0.8,0.8888888888888888,0.7777777777777778,0.7533333333333333,0.18303342472865777,1,0.868421052631579,0.8947368421052632,0.8421052631578947,0.8461538461538461,0.8974358974358975,0.8697705802968961,0.023296459516372586,0.8,0.3333333333333333,0.6666666666666666,0.8,0.75,0.6699999999999999,0.17524585904126555,4,0.8235294117647058,0.875,0.8125,0.75,0.8333333333333334,0.8188725490196077,0.040410713422597944,1.0,0.5,1.0,1.0,0.75,0.85,0.2,1,0.875,0.875,0.8125,0.9375,0.9375,0.8875,0.046770717334674264,0.8888888888888888,0.4,0.8,0.8888888888888888,0.75,0.7455555555555555,0.1808211721461187,1,0.8484848484848485,0.875,0.8125,0.8333333333333334,0.8823529411764706,0.8503342245989305,0.025913231115579374,0.9166666666666667,0.5,0.7083333333333334,0.9500000000000001,0.8,0.775,0.16210421887717108,16,0.9545454545454546,0.9772727272727273,0.9573863636363636,0.9701086956521738,0.9673913043478262,0.965340909090909,0.00835608552802969,2.0,0.75,4.0,8.0,527.0,,,,,,,,,
Clinical Random Forest,Clinical,0.46698613166809083,0.011323020488251805,0.12197399139404297,0.001714719336294516,,,,,"{'classifier__class_weight': None, 'classifier__max_depth': 10, 'classifier__max_features': 0.5, 'classifier__min_samples_leaf': 3, 'classifier__min_samples_split': 2, 'classifier__n_estimators': 519}",0.8,0.3,0.8,0.8888888888888888,0.6666666666666666,0.691111111111111,0.20803608423943915,19,0.9210526315789473,0.9473684210526315,1.0,0.9487179487179487,0.9230769230769231,0.9480431848852902,0.02846831728708365,0.75,0.2,0.6666666666666666,0.8,0.6666666666666666,0.6166666666666667,0.2144761058952722,19,0.8823529411764706,0.8888888888888888,1.0,0.9375,0.8823529411764706,0.9182189542483659,0.045810244904050466,0.75,0.25,1.0,1.0,0.5,0.7,0.291547594742265,17,0.9375,1.0,1.0,0.9375,0.9375,0.9625,0.03061862178478973,0.75,0.2222222222222222,0.8,0.8888888888888888,0.5714285714285714,0.6465079365079365,0.2360822844881224,19,0.9090909090909091,0.9411764705882353,1.0,0.9375,0.9090909090909091,0.9393716577540105,0.03321567044275158,0.9166666666666667,0.5,0.7500000000000001,1.0,0.8,0.7933333333333333,0.17081503967091946,9,0.9943181818181818,0.9914772727272727,1.0,0.9972826086956522,0.9891304347826086,0.9944416996047432,0.0038981555924060256,10.0,0.5,3.0,2.0,519.0,,,,,,,,,
Clinical Random Forest,Clinical,0.16073851585388182,0.0024169033245225982,0.07501387596130371,0.0015445093340829433,,balanced,,,"{'classifier__class_weight': 'balanced', 'classifier__max_depth': 10, 'classifier__max_features': 0.75, 'classifier__min_samples_leaf': 2, 'classifier__min_samples_split': 7, 'classifier__n_estimators': 153}",0.9,0.4,0.8,0.8888888888888888,0.7777777777777778,0.7533333333333333,0.18303342472865777,1,0.9473684210526315,0.9210526315789473,0.9473684210526315,0.8974358974358975,0.8974358974358975,0.9221322537112011,0.022337027083617324,0.8,0.3333333333333333,0.6666666666666666,0.8,0.75,0.6699999999999999,0.17524585904126555,4,0.8888888888888888,0.8823529411764706,0.8888888888888888,0.8333333333333334,0.8,0.8586928104575163,0.03597598412919122,1.0,0.5,1.0,1.0,0.75,0.85,0.2,1,1.0,0.9375,1.0,0.9375,1.0,0.975,0.03061862178478973,0.8888888888888888,0.4,0.8,0.8888888888888888,0.75,0.7455555555555555,0.1808211721461187,1,0.9411764705882353,0.9090909090909091,0.9411764705882353,0.8823529411764706,0.8888888888888888,0.9125371360665477,0.024990496832979055,0.9166666666666667,0.45833333333333337,0.9166666666666667,0.9500000000000001,0.8,0.8083333333333333,0.18226964152656425,6,1.0,0.9914772727272727,0.9971590909090909,0.9891304347826086,1.0,0.9955533596837945,0.004471958008181666,10.0,0.75,2.0,7.0,153.0,,,,,,,,,
Clinical Random Forest,Clinical,0.2997746467590332,0.0019684497400350442,0.09867324829101562,0.0014477130102772938,,balanced,,,"{'classifier__class_weight': 'balanced', 'classifier__max_depth': 4, 'classifier__max_features': 'log2', 'classifier__min_samples_leaf': 5, 'classifier__min_samples_split': 3, 'classifier__n_estimators': 317}",0.9,0.4,0.8,0.8888888888888888,0.7777777777777778,0.7533333333333333,0.18303342472865777,1,0.8157894736842105,0.9210526315789473,0.8947368421052632,0.8205128205128205,0.8717948717948718,0.8647773279352226,0.04116523944491682,0.8,0.3333333333333333,0.6666666666666666,0.8,0.75,0.6699999999999999,0.17524585904126555,4,0.7142857142857143,0.8421052631578947,0.8,0.7142857142857143,0.7619047619047619,0.766516290726817,0.04962294624202327,1.0,0.5,1.0,1.0,0.75,0.85,0.2,1,0.9375,1.0,1.0,0.9375,1.0,0.975,0.03061862178478973,0.8888888888888888,0.4,0.8,0.8888888888888888,0.75,0.7455555555555555,0.1808211721461187,1,0.8108108108108109,0.9142857142857143,0.8888888888888888,0.8108108108108109,0.8648648648648649,0.857932217932218,0.041528177517629265,0.875,0.5833333333333334,0.7500000000000001,1.0,0.9,0.8216666666666667,0.1433333333333333,2,0.9488636363636364,0.9772727272727273,0.96875,0.9429347826086956,0.9510869565217391,0.9577816205533598,0.012999893494108374,4.0,log2,5.0,3.0,317.0,,,,,,,,,
Clinical Random Forest,Clinical,0.5155295372009278,0.00547204628181687,0.13206238746643068,0.006948563269239858,,balanced,,,"{'classifier__class_weight': 'balanced', 'classifier__max_depth': 2, 'classifier__max_features': 'log2', 'classifier__min_samples_leaf': 4, 'classifier__min_samples_split': 9, 'classifier__n_estimators': 561}",0.9,0.4,0.8,0.8888888888888888,0.7777777777777778,0.7533333333333333,0.18303342472865777,1,0.8421052631578947,0.9210526315789473,0.868421052631579,0.8205128205128205,0.8461538461538461,0.8596491228070174,0.034260464979179776,0.8,0.3333333333333333,0.6666666666666666,0.8,0.75,0.6699999999999999,0.17524585904126555,4,0.75,0.8421052631578947,0.7619047619047619,0.7142857142857143,0.7272727272727273,0.7591136933242197,0.04472548480912407,1.0,0.5,1.0,1.0,0.75,0.85,0.2,1,0.9375,1.0,1.0,0.9375,1.0,0.975,0.03061862178478973,0.8888888888888888,0.4,0.8,0.8888888888888888,0.75,0.7455555555555555,0.1808211721461187,1,0.8333333333333334,0.9142857142857143,0.8648648648648649,0.8108108108108109,0.8421052631578947,0.8530799972905235,0.035162714767255805,0.875,0.5416666666666667,0.7916666666666667,1.0,0.85,0.8116666666666668,0.15116216457830972,3,0.9602272727272727,0.9886363636363636,0.96875,0.9429347826086956,0.9619565217391305,0.9645009881422926,0.014767603907536888,2.0,log2,4.0,9.0,561.0,,,,,,,,,
Clinical Random Forest,Clinical,0.430466890335083,0.003911661447161454,0.09992284774780273,0.001723022751676391,,balanced_subsample,,,"{'classifier__class_weight': 'balanced_subsample', 'classifier__max_depth': 4, 'classifier__max_features': 'sqrt', 'classifier__min_samples_leaf': 6, 'classifier__min_samples_split': 9, 'classifier__n_estimators': 312}",0.9,0.4,0.8,0.8888888888888888,0.7777777777777778,0.7533333333333333,0.18303342472865777,1,0.8421052631578947,0.9210526315789473,0.868421052631579,0.7948717948717948,0.8717948717948718,0.8596491228070174,0.04122801495741206,0.8,0.3333333333333333,0.6666666666666666,0.8,0.75,0.6699999999999999,0.17524585904126555,4,0.75,0.8421052631578947,0.7894736842105263,0.6818181818181818,0.7619047619047619,0.765060378218273,0.052341111896362744,1.0,0.5,1.0,1.0,0.75,0.85,0.2,1,0.9375,1.0,0.9375,0.9375,1.0,0.9625,0.030618621784789725,0.8888888888888888,0.4,0.8,0.8888888888888888,0.75,0.7455555555555555,0.1808211721461187,1,0.8333333333333334,0.9142857142857143,0.8571428571428571,0.7894736842105263,0.8648648648648649,0.8518200907674591,0.04081491566977533,0.9166666666666667,0.5833333333333334,0.8333333333333334,0.9500000000000001,0.85,0.8266666666666668,0.12892719737209146,1,0.9375,0.9772727272727273,0.9517045454545454,0.9184782608695652,0.9483695652173914,0.9466650197628459,0.019202213505612607,4.0,sqrt,6.0,9.0,312.0,,,,,,,,,
Clinical Random Forest,Clinical,0.45216856002807615,0.0019128303469577365,0.12142748832702636,0.0030829437621196993,,,,,"{'classifier__class_weight': None, 'classifier__max_depth': 2, 'classifier__max_features': 0.5, 'classifier__min_samples_leaf': 5, 'classifier__min_samples_split': 9, 'classifier__n_estimators': 509}",0.8,0.4,0.8,0.8888888888888888,0.7777777777777778,0.7333333333333333,0.17098119165930084,11,0.868421052631579,0.8947368421052632,0.8157894736842105,0.8205128205128205,0.8717948717948718,0.854251012145749,0.030871459316843083,0.75,0.3333333333333333,0.6666666666666666,0.8,0.75,0.6599999999999999,0.1688523352255192,13,0.8235294117647058,0.875,0.7647058823529411,0.7368421052631579,0.8235294117647058,0.8047213622291022,0.04869374608215856,0.75,0.5,1.0,1.0,0.75,0.8,0.18708286933869706,10,0.875,0.875,0.8125,0.875,0.875,0.8625,0.024999999999999998,0.75,0.4,0.8,0.8888888888888888,0.75,0.7177777777777777,0.16679254505648552,11,0.8484848484848485,0.875,0.7878787878787878,0.8,0.8484848484848485,0.831969696969697,0.0327511136507252,0.9166666666666667,0.5416666666666667,0.7916666666666667,1.0,0.8,0.8099999999999999,0.15486553307089776,5,0.9488636363636364,0.9772727272727273,0.9573863636363636,0.9483695652173914,0.9565217391304348,0.9576828063241107,0.010485372447099973,2.0,0.5,5.0,9.0,509.0,,,,,,,,,
Clinical Random Forest,Clinical,0.23987812995910646,0.001971241763435077,0.07550177574157715,0.0019290466807167722,,,,,"{'classifier__class_weight': None, 'classifier__max_depth': 4, 'classifier__max_features': 0.75, 'classifier__min_samples_leaf': 4, 'classifier__min_samples_split': 10, 'classifier__n_estimators': 256}",0.8,0.4,0.8,0.8888888888888888,0.7777777777777778,0.7333333333333333,0.17098119165930084,11,0.868421052631579,0.8947368421052632,0.868421052631579,0.8717948717948718,0.8974358974358975,0.8801619433198381,0.013088331288749611,0.75,0.3333333333333333,0.6666666666666666,0.8,0.75,0.6599999999999999,0.1688523352255192,13,0.8235294117647058,0.875,0.8235294117647058,0.7894736842105263,0.8333333333333334,0.8289731682146542,0.02741152490914625,0.75,0.5,1.0,1.0,0.75,0.8,0.18708286933869706,10,0.875,0.875,0.875,0.9375,0.9375,0.9,0.03061862178478973,0.75,0.4,0.8,0.8888888888888888,0.75,0.7177777777777777,0.16679254505648552,11,0.8484848484848485,0.875,0.8484848484848485,0.8571428571428571,0.8823529411764706,0.862293099057805,0.01394075433349385,0.875,0.5,0.7500000000000001,0.9500000000000001,0.8,0.775,0.15329709716755893,16,0.9573863636363635,0.9772727272727273,0.9659090909090909,0.9619565217391305,0.9728260869565217,0.9670701581027668,0.007190220633507616,4.0,0.75,4.0,10.0,256.0,,,,,,,,,
Clinical Random Forest,Clinical,0.17114834785461425,0.007638831245705642,0.06407814025878907,0.013519137175616064,,balanced_subsample,,,"{'classifier__class_weight': 'balanced_subsample', 'classifier__max_depth': 5, 'classifier__max_features': 'sqrt', 'classifier__min_samples_leaf': 1, 'classifier__min_samples_split': 8, 'classifier__n_estimators': 108}",0.8,0.3,0.8,0.8888888888888888,0.7777777777777778,0.7133333333333333,0.21016160742287804,17,0.9736842105263158,0.9736842105263158,0.9473684210526315,0.9230769230769231,0.9487179487179487,0.953306342780027,0.01897706551533441,0.75,0.2,0.6666666666666666,0.8,0.75,0.6333333333333334,0.22085691697969928,18,0.9411764705882353,0.9411764705882353,0.8888888888888888,0.8421052631578947,0.8888888888888888,0.9004471964224287,0.037386408416080805,0.75,0.25,1.0,1.0,0.75,0.75,0.27386127875258304,15,1.0,1.0,1.0,1.0,1.0,1.0,0.0,0.75,0.2222222222222222,0.8,0.8888888888888888,0.75,0.6822222222222222,0.23552934864698727,16,0.9696969696969697,0.9696969696969697,0.9411764705882353,0.9142857142857143,0.9411764705882353,0.9472065189712249,0.020823751323132165,0.8333333333333334,0.5,0.8333333333333334,0.9500000000000001,0.8,0.7833333333333334,0.15055453054181622,13,1.0,1.0,0.9971590909090909,0.9918478260869565,0.9945652173913044,0.9967144268774704,0.003165141774317565,5.0,sqrt,1.0,8.0,108.0,,,,,,,,,
Clinical Random Forest,Clinical,0.177307653427124,0.003294202533268311,0.07668800354003906,0.0015017341838246877,,,,,"{'classifier__class_weight': None, 'classifier__max_depth': 4, 'classifier__max_features': 0.75, 'classifier__min_samples_leaf': 3, 'classifier__min_samples_split': 4, 'classifier__n_estimators': 180}",0.8,0.3,0.8,0.8888888888888888,0.6666666666666666,0.691111111111111,0.20803608423943915,19,0.9210526315789473,0.9210526315789473,0.9473684210526315,0.9230769230769231,0.9487179487179487,0.9322537112010796,0.012920273840649294,0.75,0.2,0.6666666666666666,0.8,0.6666666666666666,0.6166666666666667,0.2144761058952722,19,0.8823529411764706,0.8823529411764706,0.9375,0.8823529411764706,0.9375,0.9044117647058822,0.027016430986579184,0.75,0.25,1.0,1.0,0.5,0.7,0.291547594742265,17,0.9375,0.9375,0.9375,0.9375,0.9375,0.9375,0.0,0.75,0.2222222222222222,0.8,0.8888888888888888,0.5714285714285714,0.6465079365079365,0.2360822844881224,19,0.9090909090909091,0.9090909090909091,0.9375,0.9090909090909091,0.9375,0.9204545454545455,0.013917555356722617,0.9166666666666667,0.5,0.7500000000000001,0.9500000000000001,0.8,0.7833333333333334,0.15951314818673865,13,0.9943181818181818,0.9914772727272727,0.9943181818181818,0.9918478260869565,0.9918478260869565,0.9927618577075098,0.0012779167150570455,4.0,0.75,3.0,4.0,180.0,,,,,,,,,
Clinical Support Vector Machine,Clinical,0.008438682556152344,0.00020908570466855243,0.014962148666381837,0.000540679520244951,0.0745934328572655,,,,"{'classifier__C': np.float64(0.0745934328572655), 'classifier__class_weight': None, 'classifier__gamma': np.float64(0.000541675458324746), 'classifier__kernel': 'rbf'}",0.6,0.6,0.6,0.5555555555555556,0.5555555555555556,0.5822222222222221,0.02177324215807267,8,0.5789473684210527,0.5789473684210527,0.5789473684210527,0.5897435897435898,0.5897435897435898,0.5832658569500675,0.005289046678074334,0.0,0.0,0.0,0.0,0.0,0.0,0.0,13,0.0,0.0,0.0,0.0,0.0,0.0,0.0,0.0,0.0,0.0,0.0,0.0,0.0,0.0,13,0.0,0.0,0.0,0.0,0.0,0.0,0.0,0.0,0.0,0.0,0.0,0.0,0.0,0.0,13,0.0,0.0,0.0,0.0,0.0,0.0,0.0,0.7916666666666667,0.5416666666666667,0.7916666666666667,1.0,0.85,0.795,0.1478174549909448,11,0.9289772727272727,0.96875,0.9517045454545454,0.9130434782608696,0.9375,0.9399950592885375,0.019068106057212424,,,,,,0.000541675458324746,rbf,,,,,,,
Clinical Support Vector Machine,Clinical,0.008378410339355468,0.0003469638534495222,0.015125417709350586,0.0006959605451839923,7.915074397656218,,,,"{'classifier__C': np.float64(7.915074397656218), 'classifier__class_weight': None, 'classifier__gamma': np.float64(0.00042079886696066364), 'classifier__kernel': 'rbf'}",0.6,0.6,0.6,0.5555555555555556,0.5555555555555556,0.5822222222222221,0.02177324215807267,8,0.6842105263157895,0.8421052631578947,0.6842105263157895,0.6410256410256411,0.7692307692307693,0.7241565452091767,0.07217437470200738,0.0,0.5,0.5,0.0,0.0,0.2,0.24494897427831783,11,1.0,1.0,1.0,1.0,1.0,1.0,0.0,0.0,0.25,0.25,0.0,0.0,0.1,0.12247448713915891,12,0.25,0.625,0.25,0.125,0.4375,0.3375,0.17500000000000002,0.0,0.3333333333333333,0.3333333333333333,0.0,0.0,0.13333333333333333,0.1632993161855452,12,0.4,0.7692307692307693,0.4,0.2222222222222222,0.6086956521739131,0.48002972872538097,0.18945521215071132,0.7916666666666667,0.5416666666666667,0.7916666666666667,1.0,0.85,0.795,0.1478174549909448,11,0.9289772727272727,0.96875,0.9460227272727273,0.9130434782608696,0.9347826086956521,0.9383152173913043,0.018568893528870565,,,,,,0.00042079886696066364,rbf,,,,,,,
Clinical Support Vector Machine,Clinical,0.007970476150512695,0.00029889500331396047,0.014797306060791016,0.0006052525173201298,0.0060252157362038605,,,,"{'classifier__C': np.float64(0.0060252157362038605), 'classifier__class_weight': None, 'classifier__gamma': np.float64(0.006870614282613299), 'classifier__kernel': 'rbf'}",0.6,0.6,0.6,0.5555555555555556,0.5555555555555556,0.5822222222222221,0.02177324215807267,8,0.5789473684210527,0.5789473684210527,0.5789473684210527,0.5897435897435898,0.5897435897435898,0.5832658569500675,0.005289046678074334,0.0,0.0,0.0,0.0,0.0,0.0,0.0,13,0.0,0.0,0.0,0.0,0.0,0.0,0.0,0.0,0.0,0.0,0.0,0.0,0.0,0.0,13,0.0,0.0,0.0,0.0,0.0,0.0,0.0,0.0,0.0,0.0,0.0,0.0,0.0,0.0,13,0.0,0.0,0.0,0.0,0.0,0.0,0.0,0.7916666666666667,0.5,0.8333333333333334,1.0,0.9,0.805,0.16796163583125498,6,0.9346590909090908,0.9715909090909091,0.9602272727272727,0.9320652173913044,0.9429347826086957,0.9482954545454545,0.015252241163317314,,,,,,0.006870614282613299,rbf,,,,,,,
Clinical Support Vector Machine,Clinical,0.009202718734741211,0.0010847314872880266,0.017298126220703126,0.0028891446649605365,0.04661686413912769,balanced,,,"{'classifier__C': np.float64(0.04661686413912769), 'classifier__class_weight': 'balanced', 'classifier__gamma': np.float64(0.06796578090758151), 'classifier__kernel': 'rbf'}",0.7,0.5,0.6,0.4444444444444444,0.4444444444444444,0.5377777777777778,0.09903235535625418,17,0.9473684210526315,0.868421052631579,0.7894736842105263,0.41025641025641024,0.41025641025641024,0.6851551956815115,0.22994050595253474,0.5714285714285714,0.42857142857142855,0.5,0.4444444444444444,0.4444444444444444,0.47777777777777775,0.052740468970908415,7,0.8888888888888888,0.7619047619047619,0.6666666666666666,0.41025641025641024,0.41025641025641024,0.6275946275946275,0.19095147490002548,1.0,0.75,1.0,1.0,1.0,0.95,0.09999999999999999,2,1.0,1.0,1.0,1.0,1.0,1.0,0.0,0.7272727272727273,0.5454545454545454,0.6666666666666666,0.6153846153846154,0.6153846153846154,0.6340326340326341,0.060498380223807324,3,0.9411764705882353,0.8648648648648649,0.8,0.5818181818181818,0.5818181818181818,0.7539355398178929,0.1474687666271006,0.7916666666666667,0.5,0.7500000000000001,1.0,0.75,0.7583333333333334,0.15898986690282427,14,1.0,1.0,1.0,1.0,1.0,1.0,0.0,,,,,,0.06796578090758151,rbf,,,,,,,
Clinical Support Vector Machine,Clinical,0.009503030776977539,0.0008190233733701173,0.016962242126464844,0.0015864041416420894,0.001267425589893723,balanced,,,"{'classifier__C': np.float64(0.001267425589893723), 'classifier__class_weight': 'balanced', 'classifier__gamma': np.float64(0.07726718477963429), 'classifier__kernel': 'rbf'}",0.4,0.4,0.4,0.5555555555555556,0.5555555555555556,0.46222222222222226,0.07620634755325442,19,0.42105263157894735,0.42105263157894735,0.42105263157894735,0.5897435897435898,0.5897435897435898,0.4885290148448044,0.08264135434491156,0.4,0.4,0.4,0.0,0.0,0.24000000000000005,0.19595917942265426,10,0.42105263157894735,0.42105263157894735,0.42105263157894735,0.0,0.0,0.25263157894736843,0.2062728204448992,1.0,1.0,1.0,0.0,0.0,0.6,0.48989794855663565,5,1.0,1.0,1.0,0.0,0.0,0.6,0.48989794855663565,0.5714285714285714,0.5714285714285714,0.5714285714285714,0.0,0.0,0.34285714285714286,0.27994168488950605,10,0.5925925925925926,0.5925925925925926,0.5925925925925926,0.0,0.0,0.3555555555555555,0.29030989544096925,0.7916666666666667,0.5,0.7500000000000001,1.0,0.75,0.7583333333333334,0.15898986690282427,14,1.0,1.0,1.0,1.0,1.0,1.0,0.0,,,,,,0.07726718477963429,rbf,,,,,,,
Clinical Support Vector Machine,Clinical,0.010220718383789063,0.0005741377084911236,0.01738457679748535,0.0007576506315850972,49.29053648241677,balanced,,,"{'classifier__C': np.float64(49.29053648241677), 'classifier__class_weight': 'balanced', 'classifier__gamma': np.float64(0.000533703276260396), 'classifier__kernel': 'rbf'}",0.9,0.5,0.7,0.8888888888888888,0.7777777777777778,0.7533333333333332,0.14663299276732109,1,0.868421052631579,0.9736842105263158,0.9473684210526315,0.8717948717948718,0.8974358974358975,0.9117408906882591,0.041912340471660675,0.8,0.3333333333333333,0.6,0.8,0.75,0.6566666666666666,0.17751369274259132,1,0.8666666666666667,0.9411764705882353,0.9375,0.7894736842105263,0.875,0.8819633642930856,0.0555469678472006,1.0,0.25,0.75,1.0,0.75,0.75,0.27386127875258304,3,0.8125,1.0,0.9375,0.9375,0.875,0.9125,0.0637377439199098,0.8888888888888888,0.2857142857142857,0.6666666666666666,0.8888888888888888,0.75,0.696031746031746,0.22204641571793535,1,0.8387096774193549,0.9696969696969697,0.9375,0.8571428571428571,0.875,0.8956099008518364,0.04977105799197737,0.8333333333333334,0.6666666666666667,0.7916666666666667,1.0,0.75,0.8083333333333333,0.11055415967851331,5,0.9630681818181818,0.9914772727272728,0.9801136363636364,0.9456521739130435,0.9782608695652174,0.9717144268774703,0.01586172305360652,,,,,,0.000533703276260396,rbf,,,,,,,
Clinical Support Vector Machine,Clinical,0.010645198822021484,0.0007472411239507797,0.019678783416748048,0.0012390697132876169,0.008260808399079604,balanced,,,"{'classifier__C': np.float64(0.008260808399079604), 'classifier__class_weight': 'balanced', 'classifier__gamma': np.float64(0.02796485951606245), 'classifier__kernel': 'rbf'}",0.8,0.4,0.8,0.5555555555555556,0.5555555555555556,0.6222222222222221,0.15587269259333494,6,0.868421052631579,0.8947368421052632,0.8157894736842105,0.5897435897435898,0.5897435897435898,0.7516869095816465,0.13464810414816764,0.6666666666666666,0.3333333333333333,0.6666666666666666,0.0,0.0,0.3333333333333333,0.2981423969999719,9,0.7619047619047619,0.8,0.6956521739130435,0.0,0.0,0.4515113871635611,0.3701670297558332,1.0,0.5,1.0,0.0,0.0,0.5,0.4472135954999579,9,1.0,1.0,1.0,0.0,0.0,0.6,0.48989794855663565,0.8,0.4,0.8,0.0,0.0,0.4,0.3577708763999664,8,0.8648648648648649,0.8888888888888888,0.8205128205128205,0.0,0.0,0.5148533148533149,0.420948049245157,0.8333333333333334,0.5,0.7916666666666667,1.0,0.9500000000000001,0.8150000000000001,0.17467430008765203,4,0.9545454545454545,0.9886363636363636,0.9659090909090909,0.9592391304347826,0.9510869565217391,0.9638833992094862,0.013336626734231626,,,,,,0.02796485951606245,rbf,,,,,,,
Clinical Support Vector Machine,Clinical,0.008919572830200196,0.00032739795542209907,0.016034650802612304,0.0004967914013431882,0.0010847546640130735,,,,"{'classifier__C': np.float64(0.0010847546640130735), 'classifier__class_weight': None, 'classifier__gamma': np.float64(0.0014618962793704966), 'classifier__kernel': 'rbf'}",0.6,0.6,0.6,0.5555555555555556,0.5555555555555556,0.5822222222222221,0.02177324215807267,8,0.5789473684210527,0.5789473684210527,0.5789473684210527,0.5897435897435898,0.5897435897435898,0.5832658569500675,0.005289046678074334,0.0,0.0,0.0,0.0,0.0,0.0,0.0,13,0.0,0.0,0.0,0.0,0.0,0.0,0.0,0.0,0.0,0.0,0.0,0.0,0.0,0.0,13,0.0,0.0,0.0,0.0,0.0,0.0,0.0,0.0,0.0,0.0,0.0,0.0,0.0,0.0,13,0.0,0.0,0.0,0.0,0.0,0.0,0.0,0.7916666666666667,0.5833333333333334,0.7916666666666667,1.0,0.85,0.8033333333333333,0.13381164207779364,7,0.9204545454545454,0.96875,0.9545454545454546,0.9184782608695652,0.9375,0.9399456521739131,0.019440051584755653,,,,,,0.0014618962793704966,rbf,,,,,,,
Clinical Support Vector Machine,Clinical,0.008803272247314453,0.0005159471611472068,0.015342473983764648,0.0008651006233261803,1.1462107403425035,balanced,,,"{'classifier__C': np.float64(1.1462107403425035), 'classifier__class_weight': 'balanced', 'classifier__gamma': np.float64(0.00015369603110608848), 'classifier__kernel': 'rbf'}",0.4,0.4,0.4,0.4444444444444444,0.4444444444444444,0.4177777777777778,0.02177324215807267,20,0.42105263157894735,0.42105263157894735,0.42105263157894735,0.41025641025641024,0.41025641025641024,0.41673414304993245,0.005289046678074335,0.4,0.4,0.4,0.4444444444444444,0.4444444444444444,0.4177777777777778,0.02177324215807267,8,0.42105263157894735,0.42105263157894735,0.42105263157894735,0.41025641025641024,0.41025641025641024,0.41673414304993245,0.005289046678074335,1.0,1.0,1.0,1.0,1.0,1.0,0.0,1,1.0,1.0,1.0,1.0,1.0,1.0,0.0,0.5714285714285714,0.5714285714285714,0.5714285714285714,0.6153846153846154,0.6153846153846154,0.5890109890109889,0.02153397576073127,5,0.5925925925925926,0.5925925925925926,0.5925925925925926,0.5818181818181818,0.5818181818181818,0.5882828282828283,0.005278361735290348,0.875,0.5833333333333334,0.7916666666666667,1.0,0.9,0.8300000000000001,0.14009917122445004,2,0.9204545454545454,0.9659090909090908,0.9431818181818181,0.8994565217391305,0.9266304347826086,0.9311264822134386,0.022326003073168708,,,,,,0.00015369603110608848,rbf,,,,,,,
Clinical Support Vector Machine,Clinical,0.009977340698242188,0.0007231378962637318,0.016022729873657226,0.001044734450238326,73.92266140516048,,,,"{'classifier__C': np.float64(73.92266140516048), 'classifier__class_weight': None, 'classifier__gamma': np.float64(0.006672367170464205), 'classifier__kernel': 'rbf'}",0.7,0.5,0.8,0.5555555555555556,0.7777777777777778,0.6666666666666666,0.11946382271747212,4,1.0,1.0,1.0,1.0,1.0,1.0,0.0,0.6666666666666666,0.3333333333333333,0.6666666666666666,0.5,0.75,0.5833333333333333,0.14907119849998596,5,1.0,1.0,1.0,1.0,1.0,1.0,0.0,0.5,0.25,1.0,0.5,0.75,0.6,0.25495097567963926,5,1.0,1.0,1.0,1.0,1.0,1.0,0.0,0.5714285714285714,0.2857142857142857,0.8,0.5,0.75,0.5814285714285714,0.18459000348814966,6,1.0,1.0,1.0,1.0,1.0,1.0,0.0,0.7083333333333333,0.5,0.7916666666666667,0.6,0.6500000000000001,0.65,0.09846036991827954,19,1.0,1.0,1.0,1.0,1.0,1.0,0.0,,,,,,0.006672367170464205,rbf,,,,,,,
Clinical Support Vector Machine,Clinical,0.011011791229248048,0.003695903457542785,0.020317983627319337,0.003177272348142163,8.43101393208247,,,,"{'classifier__C': np.float64(8.43101393208247), 'classifier__class_weight': None, 'classifier__gamma': np.float64(0.003387255565852149), 'classifier__kernel': 'rbf'}",0.6,0.5,0.7,1.0,0.6666666666666666,0.6933333333333332,0.16786237749352229,2,0.8947368421052632,0.9736842105263158,0.8947368421052632,0.8974358974358975,0.9230769230769231,0.9167341430499325,0.03040962290300795,0.5,0.3333333333333333,0.6,1.0,0.6666666666666666,0.6199999999999999,0.22070593809662464,2,0.9285714285714286,0.9411764705882353,0.9285714285714286,0.875,1.0,0.9346638655462185,0.03986285719387593,0.5,0.25,0.75,1.0,0.5,0.6,0.25495097567963926,5,0.8125,1.0,0.8125,0.875,0.8125,0.8625,0.07288689868556626,0.5,0.2857142857142857,0.6666666666666666,1.0,0.5714285714285714,0.6047619047619047,0.2340610614751335,4,0.8666666666666667,0.9696969696969697,0.8666666666666667,0.875,0.896551724137931,0.8949164054336467,0.03895527113243645,0.7083333333333334,0.5416666666666667,0.7500000000000001,1.0,0.75,0.75,0.1467234738471584,16,0.9829545454545454,1.0,0.9857954545454546,0.9809782608695652,0.9809782608695652,0.9861413043478262,0.007150559774257017,,,,,,0.003387255565852149,rbf,,,,,,,
Clinical Support Vector Machine,Clinical,0.010538959503173828,0.0010517168031964276,0.017517280578613282,0.0021864883918509804,82.4431219090508,,,,"{'classifier__C': np.float64(82.4431219090508), 'classifier__class_weight': None, 'classifier__gamma': np.float64(0.00015339162591163628), 'classifier__kernel': 'rbf'}",0.7,0.4,0.7,0.8888888888888888,0.5555555555555556,0.6488888888888888,0.1633900128413493,5,0.8421052631578947,0.9473684210526315,0.9210526315789473,0.8461538461538461,0.8717948717948718,0.8856950067476383,0.04173860214423986,0.6,0.25,0.6,1.0,0.5,0.5900000000000001,0.24166091947189142,4,0.8571428571428571,0.8888888888888888,0.9333333333333333,0.8571428571428571,1.0,0.9073015873015873,0.054113716197238156,0.75,0.25,0.75,0.75,0.25,0.55,0.2449489742783178,8,0.75,1.0,0.875,0.75,0.6875,0.8125,0.11180339887498948,0.6666666666666666,0.25,0.6666666666666666,0.8571428571428571,0.3333333333333333,0.5547619047619048,0.2273279669005716,7,0.8,0.9411764705882353,0.9032258064516129,0.8,0.8148148148148148,0.8518434183709326,0.05893579822385745,0.7083333333333334,0.5416666666666667,0.7500000000000001,1.0,0.6000000000000001,0.72,0.15851743682566208,17,0.9517045454545454,0.9829545454545454,0.9630681818181819,0.9375,0.9673913043478262,0.9605237154150197,0.015262040843822058,,,,,,0.00015339162591163628,rbf,,,,,,,
Clinical Support Vector Machine,Clinical,0.008816146850585937,0.000550810009368742,0.017377948760986327,0.0013490792852680162,1.0907475835157696,,,,"{'classifier__C': np.float64(1.0907475835157696), 'classifier__class_weight': None, 'classifier__gamma': np.float64(0.006338653441536257), 'classifier__kernel': 'rbf'}",0.7,0.4,0.7,0.6666666666666666,0.5555555555555556,0.6044444444444445,0.11517029795422165,7,0.8421052631578947,0.868421052631579,0.8947368421052632,0.7692307692307693,0.8461538461538461,0.8441295546558705,0.04187886814894169,0.6666666666666666,0.25,0.6,1.0,0.0,0.5033333333333333,0.34647430560496756,6,1.0,0.9230769230769231,1.0,0.8888888888888888,1.0,0.9623931623931625,0.04731060684819846,0.5,0.25,0.75,0.25,0.0,0.35,0.25495097567963926,11,0.625,0.75,0.75,0.5,0.625,0.65,0.09354143466934853,0.5714285714285714,0.25,0.6666666666666666,0.4,0.0,0.37761904761904763,0.236851992208535,9,0.7692307692307693,0.8275862068965517,0.8571428571428571,0.64,0.7692307692307693,0.7726381205001894,0.07453379610463688,0.7500000000000001,0.5416666666666667,0.7916666666666667,1.0,0.9,0.7966666666666667,0.15443445211480497,9,0.9318181818181818,0.9801136363636364,0.9602272727272727,0.9347826086956522,0.9456521739130435,0.9505187747035574,0.017838910665748837,,,,,,0.006338653441536257,rbf,,,,,,,
Clinical Support Vector Machine,Clinical,0.008595132827758789,0.0004926314646728944,0.0160003662109375,0.0011467698762990248,0.0011649969967638908,,,,"{'classifier__C': np.float64(0.0011649969967638908), 'classifier__class_weight': None, 'classifier__gamma': np.float64(0.7286653737491037), 'classifier__kernel': 'rbf'}",0.6,0.6,0.6,0.5555555555555556,0.5555555555555556,0.5822222222222221,0.02177324215807267,8,0.5789473684210527,0.5789473684210527,0.5789473684210527,0.5897435897435898,0.5897435897435898,0.5832658569500675,0.005289046678074334,0.0,0.0,0.0,0.0,0.0,0.0,0.0,13,0.0,0.0,0.0,0.0,0.0,0.0,0.0,0.0,0.0,0.0,0.0,0.0,0.0,0.0,13,0.0,0.0,0.0,0.0,0.0,0.0,0.0,0.0,0.0,0.0,0.0,0.0,0.0,0.0,13,0.0,0.0,0.0,0.0,0.0,0.0,0.0,0.625,0.41666666666666663,0.5416666666666666,0.8500000000000001,0.65,0.6166666666666666,0.1423024947075771,20,1.0,1.0,1.0,1.0,1.0,1.0,0.0,,,,,,0.7286653737491037,rbf,,,,,,,
Clinical Support Vector Machine,Clinical,0.008766078948974609,0.00014025860041808183,0.015138006210327149,0.0008685093804597252,11.015056790269638,,,,"{'classifier__C': np.float64(11.015056790269638), 'classifier__class_weight': None, 'classifier__gamma': np.float64(0.00011584172310543988), 'classifier__kernel': 'rbf'}",0.6,0.6,0.6,0.5555555555555556,0.5555555555555556,0.5822222222222221,0.02177324215807267,8,0.5789473684210527,0.5789473684210527,0.5789473684210527,0.5897435897435898,0.5897435897435898,0.5832658569500675,0.005289046678074334,0.0,0.0,0.0,0.0,0.0,0.0,0.0,13,0.0,0.0,0.0,0.0,0.0,0.0,0.0,0.0,0.0,0.0,0.0,0.0,0.0,0.0,13,0.0,0.0,0.0,0.0,0.0,0.0,0.0,0.0,0.0,0.0,0.0,0.0,0.0,0.0,13,0.0,0.0,0.0,0.0,0.0,0.0,0.0,0.7916666666666667,0.5416666666666667,0.7916666666666667,1.0,0.85,0.795,0.1478174549909448,11,0.9289772727272727,0.96875,0.9460227272727273,0.9130434782608696,0.9347826086956521,0.9383152173913043,0.018568893528870565,,,,,,0.00011584172310543988,rbf,,,,,,,
Clinical Support Vector Machine,Clinical,0.009091949462890625,0.00031232326445206884,0.015935373306274415,0.0007001429952442921,0.014271483774997193,balanced,,,"{'classifier__C': np.float64(0.014271483774997193), 'classifier__class_weight': 'balanced', 'classifier__gamma': np.float64(0.005762487216478602), 'classifier__kernel': 'rbf'}",0.6,0.6,0.6,0.4444444444444444,0.4444444444444444,0.5377777777777778,0.07620634755325442,17,0.5789473684210527,0.5789473684210527,0.5789473684210527,0.41025641025641024,0.41025641025641024,0.5114709851551956,0.08264135434491156,0.0,0.0,0.0,0.4444444444444444,0.4444444444444444,0.17777777777777776,0.21773242158072695,12,0.0,0.0,0.0,0.41025641025641024,0.41025641025641024,0.1641025641025641,0.20098377376682486,0.0,0.0,0.0,1.0,1.0,0.4,0.48989794855663565,10,0.0,0.0,0.0,1.0,1.0,0.4,0.48989794855663565,0.0,0.0,0.0,0.6153846153846154,0.6153846153846154,0.24615384615384617,0.30147566065023734,11,0.0,0.0,0.0,0.5818181818181818,0.5818181818181818,0.23272727272727273,0.2850315337056789,0.875,0.5,0.8333333333333334,1.0,0.9500000000000001,0.8316666666666667,0.1756258649642599,1,0.9232954545454546,0.9744318181818181,0.9460227272727273,0.9130434782608696,0.9293478260869565,0.9372282608695652,0.02145961495582073,,,,,,0.005762487216478602,rbf,,,,,,,
Clinical Support Vector Machine,Clinical,0.009100532531738282,0.00033809431139393185,0.0159512996673584,0.0008948025890998941,0.00407559644007287,,,,"{'classifier__C': np.float64(0.00407559644007287), 'classifier__class_weight': None, 'classifier__gamma': np.float64(0.215168972980833), 'classifier__kernel': 'rbf'}",0.6,0.6,0.6,0.5555555555555556,0.5555555555555556,0.5822222222222221,0.02177324215807267,8,0.5789473684210527,0.5789473684210527,0.5789473684210527,0.5897435897435898,0.5897435897435898,0.5832658569500675,0.005289046678074334,0.0,0.0,0.0,0.0,0.0,0.0,0.0,13,0.0,0.0,0.0,0.0,0.0,0.0,0.0,0.0,0.0,0.0,0.0,0.0,0.0,0.0,13,0.0,0.0,0.0,0.0,0.0,0.0,0.0,0.0,0.0,0.0,0.0,0.0,0.0,0.0,13,0.0,0.0,0.0,0.0,0.0,0.0,0.0,0.6666666666666667,0.45833333333333337,0.6666666666666667,0.8500000000000001,0.75,0.6783333333333333,0.12905640455070627,18,1.0,1.0,1.0,1.0,1.0,1.0,0.0,,,,,,0.215168972980833,rbf,,,,,,,
Clinical Support Vector Machine,Clinical,0.009363794326782226,0.0010183580960561665,0.01593017578125,0.0008097652074318691,0.007359075652019385,,,,"{'classifier__C': np.float64(0.007359075652019385), 'classifier__class_weight': None, 'classifier__gamma': np.float64(0.0010842262717330165), 'classifier__kernel': 'rbf'}",0.6,0.6,0.6,0.5555555555555556,0.5555555555555556,0.5822222222222221,0.02177324215807267,8,0.5789473684210527,0.5789473684210527,0.5789473684210527,0.5897435897435898,0.5897435897435898,0.5832658569500675,0.005289046678074334,0.0,0.0,0.0,0.0,0.0,0.0,0.0,13,0.0,0.0,0.0,0.0,0.0,0.0,0.0,0.0,0.0,0.0,0.0,0.0,0.0,0.0,13,0.0,0.0,0.0,0.0,0.0,0.0,0.0,0.0,0.0,0.0,0.0,0.0,0.0,0.0,13,0.0,0.0,0.0,0.0,0.0,0.0,0.0,0.7916666666666667,0.5833333333333334,0.7916666666666667,1.0,0.85,0.8033333333333333,0.13381164207779364,7,0.9204545454545454,0.96875,0.9517045454545454,0.9130434782608696,0.9402173913043478,0.9388339920948617,0.02032479829549676,,,,,,0.0010842262717330165,rbf,,,,,,,
Clinical Support Vector Machine,Clinical,0.010069942474365235,0.0014886751043204527,0.017330121994018555,0.002867845028699863,2.0540519425388455,balanced,,,"{'classifier__C': np.float64(2.0540519425388455), 'classifier__class_weight': 'balanced', 'classifier__gamma': np.float64(0.005019072833961319), 'classifier__kernel': 'rbf'}",0.7,0.4,0.8,0.8888888888888888,0.6666666666666666,0.691111111111111,0.16516359267610706,3,0.8157894736842105,0.9473684210526315,0.8947368421052632,0.8717948717948718,0.8717948717948718,0.8802968960863697,0.04245674947851159,0.6,0.25,0.6666666666666666,0.8,0.6666666666666666,0.5966666666666666,0.18511257835886427,3,0.7647058823529411,0.8888888888888888,0.8333333333333334,0.7619047619047619,0.8666666666666667,0.8230999066293183,0.05193396499027966,0.75,0.25,1.0,1.0,0.5,0.7,0.291547594742265,4,0.8125,1.0,0.9375,1.0,0.8125,0.9125,0.08477912478906585,0.6666666666666666,0.25,0.8,0.8888888888888888,0.5714285714285714,0.6353968253968254,0.22133815073667112,2,0.7878787878787878,0.9411764705882353,0.8823529411764706,0.8648648648648649,0.8387096774193549,0.8629965483855427,0.05044361372630056,0.7500000000000001,0.5833333333333334,0.7500000000000001,1.0,0.9,0.7966666666666666,0.14275075403575901,10,0.9488636363636362,0.9829545454545454,0.9659090909090909,0.9184782608695652,0.9592391304347826,0.955088932806324,0.02140041095607827,,,,,,0.005019072833961319,rbf,,,,,,,
Clinical Support Vector Machine,Clinical,0.009847784042358398,0.0007861181643369678,0.017545032501220702,0.0018274053974584288,0.010957420145894578,balanced,,,"{'classifier__C': np.float64(0.010957420145894578), 'classifier__class_weight': 'balanced', 'classifier__gamma': np.float64(0.0005488047000766049), 'classifier__kernel': 'rbf'}",0.6,0.6,0.6,0.5555555555555556,0.5555555555555556,0.5822222222222221,0.02177324215807267,8,0.5789473684210527,0.5789473684210527,0.5789473684210527,0.5897435897435898,0.5897435897435898,0.5832658569500675,0.005289046678074334,0.0,0.0,0.0,0.0,0.0,0.0,0.0,13,0.0,0.0,0.0,0.0,0.0,0.0,0.0,0.0,0.0,0.0,0.0,0.0,0.0,0.0,13,0.0,0.0,0.0,0.0,0.0,0.0,0.0,0.0,0.0,0.0,0.0,0.0,0.0,0.0,13,0.0,0.0,0.0,0.0,0.0,0.0,0.0,0.875,0.5416666666666667,0.7916666666666667,1.0,0.9,0.8216666666666667,0.154973115948111,3,0.9204545454545454,0.9659090909090908,0.9431818181818181,0.8994565217391305,0.9266304347826086,0.9311264822134386,0.022326003073168708,,,,,,0.0005488047000766049,rbf,,,,,,,
Multimodal XGBoost,Multimodal,0.04158096313476563,0.001849575448059015,0.028528690338134766,0.0027881721788548075,,,,,"{'classifier__colsample_bytree': np.float64(0.749816047538945), 'classifier__gamma': np.float64(0.9507143064099162), 'classifier__learning_rate': np.float64(0.1205712628744377), 'classifier__max_depth': 5, 'classifier__min_child_weight': 5, 'classifier__n_estimators': 152, 'classifier__reg_alpha': np.float64(0.01694976823788473), 'classifier__reg_lambda': np.float64(0.0031613645505296157), 'classifier__scale_pos_weight': 1.0, 'classifier__subsample': np.float64(0.9464704583099741)}",0.6,0.6,0.6,0.5555555555555556,0.5555555555555556,0.5822222222222221,0.02177324215807267,12,0.5789473684210527,0.5789473684210527,0.5789473684210527,0.5897435897435898,0.5897435897435898,0.5832658569500675,0.005289046678074334,0.0,0.0,0.0,0.0,0.0,0.0,0.0,15,0.0,0.0,0.0,0.0,0.0,0.0,0.0,0.0,0.0,0.0,0.0,0.0,0.0,0.0,15,0.0,0.0,0.0,0.0,0.0,0.0,0.0,0.0,0.0,0.0,0.0,0.0,0.0,0.0,15,0.0,0.0,0.0,0.0,0.0,0.0,0.0,0.5,0.5,0.5,0.5,0.5,0.5,0.0,14,0.5,0.5,0.5,0.5,0.5,0.5,0.0,5.0,,,,152.0,0.9507143064099162,,0.749816047538945,0.1205712628744377,5.0,0.01694976823788473,0.0031613645505296157,1.0,0.9464704583099741
Multimodal XGBoost,Multimodal,0.07369933128356934,0.00345831693501621,0.027830886840820312,0.004579571894549628,,,,,"{'classifier__colsample_bytree': np.float64(0.8404460046972835), 'classifier__gamma': np.float64(0.7080725777960455), 'classifier__learning_rate': np.float64(0.010725209743171996), 'classifier__max_depth': 2, 'classifier__min_child_weight': 8, 'classifier__n_estimators': 343, 'classifier__reg_alpha': np.float64(0.00010090061869151566), 'classifier__reg_lambda': np.float64(91.42349009056926), 'classifier__scale_pos_weight': 1.0, 'classifier__subsample': np.float64(0.7216968971838151)}",0.6,0.6,0.6,0.5555555555555556,0.5555555555555556,0.5822222222222221,0.02177324215807267,12,0.5789473684210527,0.5789473684210527,0.5789473684210527,0.5897435897435898,0.5897435897435898,0.5832658569500675,0.005289046678074334,0.0,0.0,0.0,0.0,0.0,0.0,0.0,15,0.0,0.0,0.0,0.0,0.0,0.0,0.0,0.0,0.0,0.0,0.0,0.0,0.0,0.0,15,0.0,0.0,0.0,0.0,0.0,0.0,0.0,0.0,0.0,0.0,0.0,0.0,0.0,0.0,15,0.0,0.0,0.0,0.0,0.0,0.0,0.0,0.5,0.5,0.5,0.5,0.5,0.5,0.0,14,0.5,0.5,0.5,0.5,0.5,0.5,0.0,2.0,,,,343.0,0.7080725777960455,,0.8404460046972835,0.010725209743171996,8.0,0.00010090061869151566,91.42349009056926,1.0,0.7216968971838151
Multimodal XGBoost,Multimodal,0.08810191154479981,0.0591622420702009,0.027727079391479493,0.001815498316646833,,,,,"{'classifier__colsample_bytree': np.float64(0.8099025726528951), 'classifier__gamma': np.float64(0.43194501864211576), 'classifier__learning_rate': np.float64(0.02692655251486473), 'classifier__max_depth': 3, 'classifier__min_child_weight': 10, 'classifier__n_estimators': 237, 'classifier__reg_alpha': np.float64(0.006789053271698486), 'classifier__reg_lambda': np.float64(0.19069966103000435), 'classifier__scale_pos_weight': 1.0, 'classifier__subsample': np.float64(0.8473544037332349)}",0.6,0.6,0.6,0.5555555555555556,0.5555555555555556,0.5822222222222221,0.02177324215807267,12,0.5789473684210527,0.5789473684210527,0.5789473684210527,0.5897435897435898,0.5897435897435898,0.5832658569500675,0.005289046678074334,0.0,0.0,0.0,0.0,0.0,0.0,0.0,15,0.0,0.0,0.0,0.0,0.0,0.0,0.0,0.0,0.0,0.0,0.0,0.0,0.0,0.0,15,0.0,0.0,0.0,0.0,0.0,0.0,0.0,0.0,0.0,0.0,0.0,0.0,0.0,0.0,15,0.0,0.0,0.0,0.0,0.0,0.0,0.0,0.5,0.5,0.5,0.5,0.5,0.5,0.0,14,0.5,0.5,0.5,0.5,0.5,0.5,0.0,3.0,,,,237.0,0.43194501864211576,,0.8099025726528951,0.02692655251486473,10.0,0.006789053271698486,0.19069966103000435,1.0,0.8473544037332349
Multimodal XGBoost,Multimodal,0.08816447257995605,0.06504379574035368,0.030043268203735353,0.003998492412668436,,,,,"{'classifier__colsample_bytree': np.float64(0.7529847965068651), 'classifier__gamma': np.float64(0.9832308858067882), 'classifier__learning_rate': np.float64(0.048917628051312216), 'classifier__max_depth': 5, 'classifier__min_child_weight': 3, 'classifier__n_estimators': 184, 'classifier__reg_alpha': np.float64(0.0007122305833333872), 'classifier__reg_lambda': np.float64(0.0021147447960615704), 'classifier__scale_pos_weight': 1.4, 'classifier__subsample': np.float64(0.9768807022739411)}",0.7,0.5,0.8,0.8888888888888888,0.7777777777777778,0.7333333333333333,0.1312804932243727,2,0.8947368421052632,0.8947368421052632,0.8947368421052632,0.8974358974358975,0.8974358974358975,0.8958164642375168,0.0013222616695185972,0.6666666666666666,0.42857142857142855,0.6666666666666666,1.0,1.0,0.7523809523809524,0.2200803811103113,1,0.8,0.875,0.8,0.8,0.8333333333333334,0.8216666666666667,0.02962731472438528,0.5,0.75,1.0,0.75,0.5,0.7,0.18708286933869706,4,1.0,0.875,1.0,1.0,0.9375,0.9625,0.049999999999999996,0.5714285714285714,0.5454545454545454,0.8,0.8571428571428571,0.6666666666666666,0.6881385281385282,0.12289542371796291,2,0.8888888888888888,0.875,0.8888888888888888,0.8888888888888888,0.8823529411764706,0.8848039215686274,0.00551697484187388,0.625,0.5416666666666667,0.875,1.0,0.9500000000000001,0.7983333333333335,0.18191878529839747,2,0.9730113636363636,0.9772727272727273,0.96875,0.9891304347826086,0.9538043478260869,0.9723937747035573,0.011516468821535087,5.0,,,,184.0,0.9832308858067882,,0.7529847965068651,0.048917628051312216,3.0,0.0007122305833333872,0.0021147447960615704,1.4,0.9768807022739411
Multimodal XGBoost,Multimodal,0.09282755851745605,0.07958955571954614,0.025580501556396483,0.0003940892115041595,,,,,"{'classifier__colsample_bytree': np.float64(0.8253152871382157), 'classifier__gamma': np.float64(0.3854165025399161), 'classifier__learning_rate': np.float64(0.010558059144381517), 'classifier__max_depth': 2, 'classifier__min_child_weight': 4, 'classifier__n_estimators': 141, 'classifier__reg_alpha': np.float64(0.015876781526923997), 'classifier__reg_lambda': np.float64(0.00407559644007287), 'classifier__scale_pos_weight': 1.0, 'classifier__subsample': np.float64(0.9332779646944658)}",0.4,0.5,0.7,0.8888888888888888,0.6666666666666666,0.6311111111111111,0.16915184207986722,10,0.8157894736842105,0.8421052631578947,0.7105263157894737,0.717948717948718,0.7948717948717948,0.7762483130904183,0.05285016376486822,0.25,0.4,0.6666666666666666,1.0,1.0,0.6633333333333333,0.30557777696975574,7,0.9090909090909091,0.9166666666666666,0.7272727272727273,0.7777777777777778,0.7857142857142857,0.8233044733044732,0.0758730652720602,0.25,0.5,0.5,0.75,0.25,0.45,0.18708286933869708,12,0.625,0.6875,0.5,0.4375,0.6875,0.5875,0.1015504800579495,0.25,0.4444444444444444,0.5714285714285714,0.8571428571428571,0.4,0.5046031746031746,0.20402624090809476,10,0.7407407407407407,0.7857142857142857,0.5925925925925926,0.56,0.7333333333333333,0.6824761904761905,0.08912776167678908,0.4166666666666667,0.41666666666666663,0.7083333333333333,1.0,1.0,0.7083333333333333,0.2608745973749755,12,0.9076704545454546,0.9119318181818181,0.8352272727272727,0.8260869565217391,0.8478260869565217,0.8657485177865614,0.03665008972923565,2.0,,,,141.0,0.3854165025399161,,0.8253152871382157,0.010558059144381517,4.0,0.015876781526923997,0.00407559644007287,1.0,0.9332779646944658
Multimodal XGBoost,Multimodal,0.045369529724121095,0.001133300054607899,0.02602863311767578,0.000833958881009311,,,,,"{'classifier__colsample_bytree': np.float64(0.6693458614031088), 'classifier__gamma': np.float64(0.3910606075732408), 'classifier__learning_rate': np.float64(0.018585951462501547), 'classifier__max_depth': 4, 'classifier__min_child_weight': 2, 'classifier__n_estimators': 103, 'classifier__reg_alpha': np.float64(0.05414413211338523), 'classifier__reg_lambda': np.float64(0.008399864445957504), 'classifier__scale_pos_weight': 1.0, 'classifier__subsample': np.float64(0.9369139098379994)}",0.6,0.5,0.8,1.0,0.7777777777777778,0.7355555555555556,0.17304819852383807,1,0.9473684210526315,0.9210526315789473,0.8157894736842105,0.8974358974358975,0.8974358974358975,0.8958164642375168,0.0440545860004135,0.5,0.42857142857142855,0.6666666666666666,1.0,1.0,0.719047619047619,0.24206219099312068,2,0.9375,0.8823529411764706,0.7647058823529411,0.8333333333333334,0.8333333333333334,0.8502450980392157,0.057503572929462225,0.25,0.75,1.0,1.0,0.5,0.7,0.291547594742265,4,0.9375,0.9375,0.8125,0.9375,0.9375,0.9125,0.049999999999999996,0.3333333333333333,0.5454545454545454,0.8,1.0,0.6666666666666666,0.6690909090909091,0.22568251752055785,7,0.9375,0.9090909090909091,0.7878787878787878,0.8823529411764706,0.8823529411764706,0.8798351158645277,0.050298678799519395,0.625,0.5,0.7500000000000001,1.0,0.8,0.735,0.16852299546352717,9,0.9829545454545454,0.9914772727272727,0.9630681818181818,0.9864130434782609,0.9809782608695652,0.9809782608695652,0.00963787055712721,4.0,,,,103.0,0.3910606075732408,,0.6693458614031088,0.018585951462501547,2.0,0.05414413211338523,0.008399864445957504,1.0,0.9369139098379994
Multimodal XGBoost,Multimodal,0.05748229026794434,0.00524965281008917,0.027738475799560548,0.0026785421211829767,,,,,"{'classifier__colsample_bytree': np.float64(0.7799016533479063), 'classifier__gamma': np.float64(0.3951502360018144), 'classifier__learning_rate': np.float64(0.2337693162284195), 'classifier__max_depth': 4, 'classifier__min_child_weight': 9, 'classifier__n_estimators': 239, 'classifier__reg_alpha': np.float64(0.004233032996527599), 'classifier__reg_lambda': np.float64(0.08777815504719653), 'classifier__scale_pos_weight': 1.4, 'classifier__subsample': np.float64(0.815876852955632)}",0.4,0.4,0.4,0.4444444444444444,0.5555555555555556,0.44000000000000006,0.06028737762778017,20,0.42105263157894735,0.42105263157894735,0.42105263157894735,0.41025641025641024,0.5897435897435898,0.4526315789473684,0.06868340145459134,0.4,0.4,0.4,0.4444444444444444,0.0,0.3288888888888889,0.165342891002118,12,0.42105263157894735,0.42105263157894735,0.42105263157894735,0.41025641025641024,0.0,0.3346828609986504,0.16739366212849063,1.0,1.0,1.0,1.0,0.0,0.8,0.4,1,1.0,1.0,1.0,1.0,0.0,0.8,0.4,0.5714285714285714,0.5714285714285714,0.5714285714285714,0.6153846153846154,0.0,0.4659340659340659,0.233588224274047,11,0.5925925925925926,0.5925925925925926,0.5925925925925926,0.5818181818181818,0.0,0.47191919191919196,0.2359964917420302,0.5,0.5,0.5,0.5,0.5,0.5,0.0,14,0.5,0.5,0.5,0.5,0.5,0.5,0.0,4.0,,,,239.0,0.3951502360018144,,0.7799016533479063,0.2337693162284195,9.0,0.004233032996527599,0.08777815504719653,1.4,0.815876852955632
Multimodal XGBoost,Multimodal,0.07100996971130372,0.019538242850078595,0.02866525650024414,0.0031818907579110145,,,,,"{'classifier__colsample_bytree': np.float64(0.8347004662655393), 'classifier__gamma': np.float64(0.965255307264138), 'classifier__learning_rate': np.float64(0.07882485664694612), 'classifier__max_depth': 5, 'classifier__min_child_weight': 9, 'classifier__n_estimators': 206, 'classifier__reg_alpha': np.float64(1.025616274847307), 'classifier__reg_lambda': np.float64(0.0023591373063477136), 'classifier__scale_pos_weight': 1.0, 'classifier__subsample': np.float64(0.7693605922825478)}",0.6,0.6,0.6,0.5555555555555556,0.5555555555555556,0.5822222222222221,0.02177324215807267,12,0.5789473684210527,0.5789473684210527,0.5789473684210527,0.5897435897435898,0.5897435897435898,0.5832658569500675,0.005289046678074334,0.0,0.0,0.0,0.0,0.0,0.0,0.0,15,0.0,0.0,0.0,0.0,0.0,0.0,0.0,0.0,0.0,0.0,0.0,0.0,0.0,0.0,15,0.0,0.0,0.0,0.0,0.0,0.0,0.0,0.0,0.0,0.0,0.0,0.0,0.0,0.0,15,0.0,0.0,0.0,0.0,0.0,0.0,0.0,0.5,0.5,0.5,0.5,0.5,0.5,0.0,14,0.5,0.5,0.5,0.5,0.5,0.5,0.0,5.0,,,,206.0,0.965255307264138,,0.8347004662655393,0.07882485664694612,9.0,1.025616274847307,0.0023591373063477136,1.0,0.7693605922825478
Multimodal XGBoost,Multimodal,0.08084516525268555,0.003562549053695704,0.02761392593383789,0.0016024729569680365,,,,,"{'classifier__colsample_bytree': np.float64(0.7579526072702278), 'classifier__gamma': np.float64(0.2934881747180381), 'classifier__learning_rate': np.float64(0.010490534235091775), 'classifier__max_depth': 3, 'classifier__min_child_weight': 1, 'classifier__n_estimators': 212, 'classifier__reg_alpha': np.float64(0.8930539642879287), 'classifier__reg_lambda': np.float64(1.0710256549997939), 'classifier__scale_pos_weight': 1.4, 'classifier__subsample': np.float64(0.7433862914177091)}",0.6,0.5,0.8,0.8888888888888888,0.7777777777777778,0.7133333333333333,0.1420137360770707,4,0.9736842105263158,0.9210526315789473,0.9210526315789473,0.8717948717948718,0.9230769230769231,0.9221322537112011,0.03223252964868034,0.5,0.42857142857142855,0.6666666666666666,0.8,0.75,0.6290476190476191,0.1429079274811634,9,0.9411764705882353,0.8823529411764706,0.8823529411764706,0.7894736842105263,0.8421052631578947,0.8674922600619196,0.05020446266408541,0.5,0.75,1.0,1.0,0.75,0.8,0.18708286933869706,1,1.0,0.9375,0.9375,0.9375,1.0,0.9625,0.030618621784789725,0.5,0.5454545454545454,0.8,0.8888888888888888,0.75,0.6968686868686869,0.1496758392371384,1,0.9696969696969697,0.9090909090909091,0.9090909090909091,0.8571428571428571,0.9142857142857143,0.9118614718614719,0.035665951814207446,0.6666666666666667,0.5416666666666667,0.7916666666666667,1.0,0.85,0.77,0.15657798908744056,4,1.0,0.9886363636363636,0.9886363636363636,0.9836956521739131,0.9918478260869565,0.9905632411067196,0.005390585650982542,3.0,,,,212.0,0.2934881747180381,,0.7579526072702278,0.010490534235091775,1.0,0.8930539642879287,1.0710256549997939,1.4,0.7433862914177091
Multimodal XGBoost,Multimodal,0.04025673866271973,0.006358295460103325,0.02785048484802246,0.002593273664092041,,,,,"{'classifier__colsample_bytree': np.float64(0.6463476238100518), 'classifier__gamma': np.float64(0.8631034258755935), 'classifier__learning_rate': np.float64(0.08330803890301997), 'classifier__max_depth': 2, 'classifier__min_child_weight': 1, 'classifier__n_estimators': 97, 'classifier__reg_alpha': np.float64(0.007146464833933034), 'classifier__reg_lambda': np.float64(2.2090536492943023), 'classifier__scale_pos_weight': 1.0, 'classifier__subsample': np.float64(0.8918424713352255)}",0.5,0.6,0.8,0.8888888888888888,0.7777777777777778,0.7133333333333333,0.1420137360770707,4,1.0,0.9736842105263158,0.9473684210526315,0.9743589743589743,0.9487179487179487,0.9688259109311741,0.019446314362261883,0.4,0.5,0.6666666666666666,1.0,1.0,0.7133333333333333,0.24908722256359206,3,1.0,0.9411764705882353,1.0,0.9411764705882353,0.8888888888888888,0.9542483660130721,0.04195243538792476,0.5,0.75,1.0,0.75,0.5,0.7,0.18708286933869706,4,1.0,1.0,0.875,1.0,1.0,0.975,0.049999999999999996,0.4444444444444444,0.6,0.8,0.8571428571428571,0.6666666666666666,0.6736507936507936,0.14672574911124148,5,1.0,0.9696969696969697,0.9333333333333333,0.9696969696969697,0.9411764705882353,0.9627807486631017,0.023726929837624894,0.45833333333333337,0.5416666666666667,0.8333333333333334,1.0,0.8,0.7266666666666668,0.1988438806925898,10,1.0,1.0,0.9943181818181819,1.0,0.9972826086956522,0.9983201581027668,0.002260881657835459,2.0,,,,97.0,0.8631034258755935,,0.6463476238100518,0.08330803890301997,1.0,0.007146464833933034,2.2090536492943023,1.0,0.8918424713352255
Multimodal XGBoost,Multimodal,0.07280302047729492,0.0019194939701316237,0.029358482360839842,0.004634868928419531,,,,,"{'classifier__colsample_bytree': np.float64(0.8550229885420852), 'classifier__gamma': np.float64(0.8872127425763265), 'classifier__learning_rate': np.float64(0.049833191601257244), 'classifier__max_depth': 5, 'classifier__min_child_weight': 3, 'classifier__n_estimators': 306, 'classifier__reg_alpha': np.float64(0.4061136676690665), 'classifier__reg_lambda': np.float64(0.015132984900630326), 'classifier__scale_pos_weight': 1.4, 'classifier__subsample': np.float64(0.7975182385457563)}",0.7,0.5,0.9,0.8888888888888888,0.6666666666666666,0.731111111111111,0.14963329661806601,3,0.8947368421052632,0.8947368421052632,0.868421052631579,0.8717948717948718,0.8974358974358975,0.8854251012145749,0.012590449435563398,0.6666666666666666,0.42857142857142855,0.8,1.0,0.6666666666666666,0.7123809523809523,0.18715194452672956,4,0.8,0.875,0.8235294117647058,0.7894736842105263,0.8333333333333334,0.824267285861713,0.02985311319689592,0.5,0.75,1.0,0.75,0.5,0.7,0.18708286933869706,4,1.0,0.875,0.875,0.9375,0.9375,0.925,0.046770717334674264,0.5714285714285714,0.5454545454545454,0.8888888888888888,0.8571428571428571,0.5714285714285714,0.6868686868686869,0.15261471422139708,3,0.8888888888888888,0.875,0.8484848484848485,0.8571428571428571,0.8823529411764706,0.8703739071386132,0.01524397660450519,0.625,0.5,0.9166666666666667,1.0,0.8500000000000001,0.7783333333333334,0.18675593103775254,3,0.9673295454545454,0.9744318181818181,0.9318181818181818,0.9646739130434783,0.9483695652173914,0.957324604743083,0.015346258606599873,5.0,,,,306.0,0.8872127425763265,,0.8550229885420852,0.049833191601257244,3.0,0.4061136676690665,0.015132984900630326,1.4,0.7975182385457563
Multimodal XGBoost,Multimodal,0.039519739151000974,0.003135006225332922,0.025695371627807616,0.00127616201695586,,,,,"{'classifier__colsample_bytree': np.float64(0.8090931317527976), 'classifier__gamma': np.float64(0.42754101835854963), 'classifier__learning_rate': np.float64(0.010903028125370985), 'classifier__max_depth': 5, 'classifier__min_child_weight': 3, 'classifier__n_estimators': 112, 'classifier__reg_alpha': np.float64(3.011743476803372), 'classifier__reg_lambda': np.float64(0.23815029066583565), 'classifier__scale_pos_weight': 1.0, 'classifier__subsample': np.float64(0.8034282764658811)}",0.6,0.5,0.6,0.5555555555555556,0.5555555555555556,0.5622222222222222,0.03691832827963588,17,0.5789473684210527,0.8421052631578947,0.5789473684210527,0.5897435897435898,0.5897435897435898,0.635897435897436,0.10321690115886469,0.0,0.3333333333333333,0.0,0.0,0.0,0.06666666666666667,0.13333333333333333,14,0.0,0.9166666666666666,0.0,0.0,0.0,0.18333333333333332,0.3666666666666667,0.0,0.25,0.0,0.0,0.0,0.05,0.10000000000000002,14,0.0,0.6875,0.0,0.0,0.0,0.1375,0.275,0.0,0.2857142857142857,0.0,0.0,0.0,0.05714285714285714,0.11428571428571428,14,0.0,0.7857142857142857,0.0,0.0,0.0,0.15714285714285714,0.3142857142857143,0.8333333333333334,0.5208333333333334,0.7916666666666666,1.0,0.8500000000000001,0.7991666666666667,0.15595583420386114,1,0.9147727272727273,0.9545454545454546,0.8522727272727272,0.8206521739130435,0.8858695652173914,0.8856225296442688,0.046762209244966,5.0,,,,112.0,0.42754101835854963,,0.8090931317527976,0.010903028125370985,3.0,3.011743476803372,0.23815029066583565,1.0,0.8034282764658811
Multimodal XGBoost,Multimodal,0.07989034652709961,0.08422369999752762,0.029814672470092774,0.00866317261818976,,,,,"{'classifier__colsample_bytree': np.float64(0.9630265895704372), 'classifier__gamma': np.float64(0.24929222914887494), 'classifier__learning_rate': np.float64(0.040381768820718394), 'classifier__max_depth': 3, 'classifier__min_child_weight': 4, 'classifier__n_estimators': 62, 'classifier__reg_alpha': np.float64(0.00024260488932164486), 'classifier__reg_lambda': np.float64(0.028103296447636077), 'classifier__scale_pos_weight': 1.4, 'classifier__subsample': np.float64(0.9521871356061031)}",0.5,0.5,0.7,1.0,0.7777777777777778,0.6955555555555556,0.18759030747026917,7,0.8421052631578947,0.868421052631579,0.7894736842105263,0.7435897435897436,0.7948717948717948,0.8076923076923077,0.04353769511779586,0.4,0.42857142857142855,0.6,1.0,0.75,0.6357142857142857,0.22158980305132844,8,0.7777777777777778,0.8235294117647058,0.75,0.6666666666666666,0.7222222222222222,0.7480392156862745,0.05267827890094087,0.5,0.75,0.75,1.0,0.75,0.75,0.15811388300841897,3,0.875,0.875,0.75,0.75,0.8125,0.8125,0.05590169943749474,0.4444444444444444,0.5454545454545454,0.6666666666666666,1.0,0.75,0.6813131313131313,0.19029348664653742,4,0.8235294117647058,0.8484848484848485,0.75,0.7058823529411765,0.7647058823529411,0.7785204991087344,0.051383606697615325,0.5416666666666667,0.4375,0.9166666666666667,1.0,0.9,0.7591666666666667,0.22512959230925933,7,0.9389204545454545,0.9417613636363636,0.8863636363636364,0.8668478260869565,0.8885869565217391,0.9044960474308301,0.030242406227390405,3.0,,,,62.0,0.24929222914887494,,0.9630265895704372,0.040381768820718394,4.0,0.00024260488932164486,0.028103296447636077,1.4,0.9521871356061031
Multimodal XGBoost,Multimodal,0.0944746494293213,0.016924114824518926,0.02670602798461914,0.0010758356003476618,,,,,"{'classifier__colsample_bytree': np.float64(0.8497416192535173), 'classifier__gamma': np.float64(0.295633685837714), 'classifier__learning_rate': np.float64(0.014316201862826452), 'classifier__max_depth': 4, 'classifier__min_child_weight': 4, 'classifier__n_estimators': 335, 'classifier__reg_alpha': np.float64(2.608562787757689), 'classifier__reg_lambda': np.float64(0.04185285656222351), 'classifier__scale_pos_weight': 1.0, 'classifier__subsample': np.float64(0.9584365199693973)}",0.6,0.5,0.6,0.5555555555555556,0.6666666666666666,0.5844444444444444,0.055154105093292674,11,0.7894736842105263,0.8421052631578947,0.5789473684210527,0.5897435897435898,0.7435897435897436,0.7087719298245614,0.1063249675101593,0.5,0.4,0.0,0.0,1.0,0.38,0.3709447398198282,11,0.9,0.9166666666666666,0.0,0.0,0.75,0.5133333333333333,0.42313643715053,0.25,0.5,0.0,0.0,0.25,0.2,0.18708286933869708,13,0.5625,0.6875,0.0,0.0,0.5625,0.3625,0.29947871376777346,0.3333333333333333,0.4444444444444444,0.0,0.0,0.4,0.23555555555555552,0.19555555555555554,13,0.6923076923076923,0.7857142857142857,0.0,0.0,0.6428571428571429,0.42417582417582417,0.34936414717316455,0.4166666666666667,0.5833333333333334,0.625,1.0,0.975,0.72,0.22940744926391946,11,0.9090909090909091,0.9360795454545454,0.796875,0.7649456521739131,0.8220108695652174,0.845800395256917,0.06580750628078358,4.0,,,,335.0,0.295633685837714,,0.8497416192535173,0.014316201862826452,4.0,2.608562787757689,0.04185285656222351,1.0,0.9584365199693973
Multimodal XGBoost,Multimodal,0.06660656929016114,0.002378965926479782,0.028743600845336913,0.0029854455005439554,,,,,"{'classifier__colsample_bytree': np.float64(0.7272013899887455), 'classifier__gamma': np.float64(0.11005192452767676), 'classifier__learning_rate': np.float64(0.02171140223187999), 'classifier__max_depth': 1, 'classifier__min_child_weight': 4, 'classifier__n_estimators': 282, 'classifier__reg_alpha': np.float64(0.00334122937395339), 'classifier__reg_lambda': np.float64(0.006657010864147692), 'classifier__scale_pos_weight': 1.0, 'classifier__subsample': np.float64(0.7669644012595116)}",0.6,0.4,0.6,0.5555555555555556,0.5555555555555556,0.5422222222222223,0.07383665655927175,18,0.5789473684210527,0.7105263157894737,0.5789473684210527,0.6153846153846154,0.6666666666666666,0.6300944669365722,0.051488327237903225,0.0,0.0,0.0,0.0,0.0,0.0,0.0,15,0.0,1.0,0.0,1.0,1.0,0.6,0.48989794855663565,0.0,0.0,0.0,0.0,0.0,0.0,0.0,15,0.0,0.3125,0.0,0.0625,0.1875,0.1125,0.12119199643540823,0.0,0.0,0.0,0.0,0.0,0.0,0.0,15,0.0,0.47619047619047616,0.0,0.11764705882352941,0.3157894736842105,0.18192540173964322,0.18699568591998975,0.3541666666666667,0.41666666666666663,0.7083333333333334,1.0,0.8,0.6558333333333334,0.24091261670757072,13,0.8707386363636365,0.9332386363636364,0.8338068181818182,0.8206521739130435,0.8546195652173914,0.8626111660079052,0.03926425473055814,1.0,,,,282.0,0.11005192452767676,,0.7272013899887455,0.02171140223187999,4.0,0.00334122937395339,0.006657010864147692,1.0,0.7669644012595116
Multimodal XGBoost,Multimodal,0.05302538871765137,0.002013727460201712,0.028913211822509766,0.004221775292452949,,,,,"{'classifier__colsample_bytree': np.float64(0.6888431241882921), 'classifier__gamma': np.float64(0.1198653673336828), 'classifier__learning_rate': np.float64(0.0315281541750961), 'classifier__max_depth': 3, 'classifier__min_child_weight': 6, 'classifier__n_estimators': 209, 'classifier__reg_alpha': np.float64(0.0392602543355281), 'classifier__reg_lambda': np.float64(3.2741215209888828), 'classifier__scale_pos_weight': 1.0, 'classifier__subsample': np.float64(0.6259568988435926)}",0.6,0.6,0.6,0.5555555555555556,0.5555555555555556,0.5822222222222221,0.02177324215807267,12,0.5789473684210527,0.5789473684210527,0.5789473684210527,0.5897435897435898,0.5897435897435898,0.5832658569500675,0.005289046678074334,0.0,0.0,0.0,0.0,0.0,0.0,0.0,15,0.0,0.0,0.0,0.0,0.0,0.0,0.0,0.0,0.0,0.0,0.0,0.0,0.0,0.0,15,0.0,0.0,0.0,0.0,0.0,0.0,0.0,0.0,0.0,0.0,0.0,0.0,0.0,0.0,15,0.0,0.0,0.0,0.0,0.0,0.0,0.0,0.5,0.5,0.5,0.5,0.5,0.5,0.0,14,0.5,0.5,0.5,0.5,0.5,0.5,0.0,3.0,,,,209.0,0.1198653673336828,,0.6888431241882921,0.0315281541750961,6.0,0.0392602543355281,3.2741215209888828,1.0,0.6259568988435926
Multimodal XGBoost,Multimodal,0.04841136932373047,0.0007651625371579566,0.026003456115722655,0.0007948859208473177,,,,,"{'classifier__colsample_bytree': np.float64(0.7015661655737379), 'classifier__gamma': np.float64(0.2468760628386012), 'classifier__learning_rate': np.float64(0.10678883315833304), 'classifier__max_depth': 3, 'classifier__min_child_weight': 1, 'classifier__n_estimators': 150, 'classifier__reg_alpha': np.float64(0.002655843450849988), 'classifier__reg_lambda': np.float64(0.0015290959455830375), 'classifier__scale_pos_weight': 1.0, 'classifier__subsample': np.float64(0.9906459823330611)}",0.4,0.6,0.8,0.8888888888888888,0.7777777777777778,0.6933333333333334,0.1740724980228101,8,1.0,1.0,1.0,1.0,1.0,1.0,0.0,0.25,0.5,0.6666666666666666,1.0,1.0,0.6833333333333333,0.2905932629027116,5,1.0,1.0,1.0,1.0,1.0,1.0,0.0,0.25,0.75,1.0,0.75,0.5,0.65,0.25495097567963926,10,1.0,1.0,1.0,1.0,1.0,1.0,0.0,0.25,0.6,0.8,0.8571428571428571,0.6666666666666666,0.6347619047619047,0.21308446368079376,9,1.0,1.0,1.0,1.0,1.0,1.0,0.0,0.5416666666666666,0.4583333333333333,0.9166666666666667,1.0,0.85,0.7533333333333334,0.21386652119695804,8,1.0,1.0,1.0,1.0,1.0,1.0,0.0,3.0,,,,150.0,0.2468760628386012,,0.7015661655737379,0.10678883315833304,1.0,0.002655843450849988,0.0015290959455830375,1.0,0.9906459823330611
Multimodal XGBoost,Multimodal,0.04749598503112793,0.0018100672300677854,0.026442909240722658,0.001220660950259972,,,,,"{'classifier__colsample_bytree': np.float64(0.7644148053272926), 'classifier__gamma': np.float64(0.033050732900548385), 'classifier__learning_rate': np.float64(0.03233791944457942), 'classifier__max_depth': 1, 'classifier__min_child_weight': 3, 'classifier__n_estimators': 175, 'classifier__reg_alpha': np.float64(0.0005302422876684355), 'classifier__reg_lambda': np.float64(0.28006820077310235), 'classifier__scale_pos_weight': 1.4, 'classifier__subsample': np.float64(0.8211572356285312)}",0.6,0.5,0.8,1.0,0.5555555555555556,0.6911111111111111,0.18464513846969768,9,0.8947368421052632,0.8947368421052632,0.8421052631578947,0.8717948717948718,0.8717948717948718,0.875033738191633,0.019399430851353764,0.5,0.42857142857142855,0.6666666666666666,1.0,0.5,0.6190476190476191,0.20592141248037765,10,0.8,0.875,0.7777777777777778,0.7894736842105263,0.7894736842105263,0.8063450292397661,0.0350403676591038,0.5,0.75,1.0,1.0,0.25,0.7,0.291547594742265,4,1.0,0.875,0.875,0.9375,0.9375,0.925,0.046770717334674264,0.5,0.5454545454545454,0.8,1.0,0.3333333333333333,0.6357575757575759,0.235666415342699,8,0.8888888888888888,0.875,0.8235294117647058,0.8571428571428571,0.8571428571428571,0.8603408029878619,0.021933615774388453,0.625,0.5,0.875,1.0,0.8500000000000001,0.77,0.1812456896039186,4,0.9715909090909091,0.96875,0.9346590909090908,0.9565217391304348,0.9402173913043478,0.9543478260869565,0.014810725187329869,1.0,,,,175.0,0.033050732900548385,,0.7644148053272926,0.03233791944457942,3.0,0.0005302422876684355,0.28006820077310235,1.4,0.8211572356285312
Multimodal XGBoost,Multimodal,0.06738452911376953,0.001536490721497171,0.026126623153686523,0.0003539346733096098,,,,,"{'classifier__colsample_bytree': np.float64(0.8370786895517575), 'classifier__gamma': np.float64(0.08085332633271525), 'classifier__learning_rate': np.float64(0.035158023650518344), 'classifier__max_depth': 1, 'classifier__min_child_weight': 6, 'classifier__n_estimators': 329, 'classifier__reg_alpha': np.float64(0.02246483184986352), 'classifier__reg_lambda': np.float64(82.62580514284332), 'classifier__scale_pos_weight': 1.4, 'classifier__subsample': np.float64(0.8143098736299034)}",0.4,0.4,0.4,0.5555555555555556,0.5555555555555556,0.46222222222222226,0.07620634755325442,19,0.42105263157894735,0.42105263157894735,0.42105263157894735,0.5897435897435898,0.5897435897435898,0.4885290148448044,0.08264135434491156,0.4,0.4,0.4,0.0,0.0,0.24000000000000005,0.19595917942265426,13,0.42105263157894735,0.42105263157894735,0.42105263157894735,0.0,0.0,0.25263157894736843,0.2062728204448992,1.0,1.0,1.0,0.0,0.0,0.6,0.48989794855663565,11,1.0,1.0,1.0,0.0,0.0,0.6,0.48989794855663565,0.5714285714285714,0.5714285714285714,0.5714285714285714,0.0,0.0,0.34285714285714286,0.27994168488950605,12,0.5925925925925926,0.5925925925925926,0.5925925925925926,0.0,0.0,0.3555555555555555,0.29030989544096925,0.5,0.5,0.5,0.5,0.5,0.5,0.0,14,0.5,0.5,0.5,0.5,0.5,0.5,0.0,1.0,,,,329.0,0.08085332633271525,,0.8370786895517575,0.035158023650518344,6.0,0.02246483184986352,82.62580514284332,1.4,0.8143098736299034
Multimodal XGBoost,Multimodal,0.056431818008422854,0.0028252148379138784,0.02631373405456543,0.0011353759029522673,,,,,"{'classifier__colsample_bytree': np.float64(0.6361159080217633), 'classifier__gamma': np.float64(0.835302495589238), 'classifier__learning_rate': np.float64(0.029773579612263783), 'classifier__max_depth': 5, 'classifier__min_child_weight': 3, 'classifier__n_estimators': 197, 'classifier__reg_alpha': np.float64(0.004263777426608205), 'classifier__reg_lambda': np.float64(0.012624239868953733), 'classifier__scale_pos_weight': 1.4, 'classifier__subsample': np.float64(0.8048372233197124)}",0.7,0.5,0.7,1.0,0.6666666666666666,0.7133333333333333,0.16138291249213607,4,0.8947368421052632,0.8947368421052632,0.8947368421052632,0.8974358974358975,0.8717948717948718,0.8906882591093117,0.009504354581192448,0.6666666666666666,0.42857142857142855,0.6,1.0,0.6666666666666666,0.6723809523809523,0.1855163780656906,6,0.8,0.875,0.8333333333333334,0.8,0.7894736842105263,0.819561403508772,0.03141232846844009,0.5,0.75,0.75,1.0,0.5,0.7,0.18708286933869706,4,1.0,0.875,0.9375,1.0,0.9375,0.95,0.046770717334674264,0.5714285714285714,0.5454545454545454,0.6666666666666666,1.0,0.5714285714285714,0.670995670995671,0.1696174387358867,6,0.8888888888888888,0.875,0.8823529411764706,0.8888888888888888,0.8571428571428571,0.8784547152194211,0.011824301060649193,0.625,0.5,0.9166666666666667,1.0,0.8,0.7683333333333333,0.18396859635395504,6,0.9715909090909091,0.96875,0.9431818181818181,0.9592391304347826,0.9402173913043478,0.9565958498023717,0.012866640973335973,5.0,,,,197.0,0.835302495589238,,0.6361159080217633,0.029773579612263783,3.0,0.004263777426608205,0.012624239868953733,1.4,0.8048372233197124
